ID,Name,Proponent,CCB Project Type,Distinctions,Status,Country/Area,Region,CCB Standard Edition
5200,Together for the Forest Awaeté REDD+ Project,Multiple Proponents,Reduced Emissions from Deforestation and Degradation,Community Gold; Biodiversity Gold,Under validation,Brazil,Latin America,CCB Third Edition
5183,Zhangye Improved Grassland Management Project Phase II,"Zhangye Agricultural Development Investment Group Co.,Ltd.",Agricultural Land Management,,Under validation,China,Asia,CCB Third Edition
5172,Project Akwaaba | Forest Ecosystem Restoration in Ghana,Rainforest Builder Ltd.,"Afforestation, Reforestation and Revegetation",Biodiversity Gold,Under validation,Ghana,Africa,CCB Third Edition
5131,Appalachian Valley IFM Project,CNX Green Ventures LLC,Improved Forest Management,,Under validation,United States,North America,CCB Third Edition
5112,Wuhu Improved Agricultural Land Management Project,"Zoomlion Smart Agriculture Co., Ltd.",Agricultural Land Management,,Under validation,China,Asia,CCB Third Edition
5092,Zhiduo Sustainable Grassland Management Project,"Hangzhou Chaoteng Energy Technology Co., Ltd",Agricultural Land Management,,Under validation and verification,China,,CCB Third Edition
5084,Gannan Improved Grassland Management Project,"Gannan Asset Investment Management Group Co., Ltd.",Agricultural Land Management,,Under validation,China,Asia,CCB Third Edition
5077,SEIKOPAI REDD+,Multiple Proponents,Reduced Emissions from Deforestation and Degradation,Community Gold,Under validation,Peru,Latin America,CCB Third Edition
5063,Delta Blue Carbon 2,Blue Carbon Singapore Pte Limited,"Afforestation, Reforestation and Revegetation",Climate Gold; Community Gold; Biodiversity Gold,Under validation,Pakistan,Asia,CCB Third Edition
5061,"Ganaderia y Bosques (GANBOS): Combining reforestation and rotational cattle grazing practices to restore degraded pastures in the provinces of Guanacaste, San Jose and Puntarenas in Costa Rica",rePLANET,"Afforestation, Reforestation and Revegetation",,Under validation,Costa Rica,Latin America,CCB Third Edition
5041,Village Forest Management and its Sustainability Development based on Natural Resources Conservation and Community Wellbeing in Malinau District,INPROSULA,Reduced Emissions from Deforestation and Degradation,Climate Gold; Community Gold; Biodiversity Gold,Under validation,Indonesia,Asia,CCB Third Edition
5001,Butuo County Grassland Sustainable Management Project,Liangshan Modern Agricultural Silicon Valley Investment and Development Group Co.,Avoided Conversion of Grasslands and Shrublands,,Under validation,China,Asia,CCB Third Edition
4968,Nkuba REDD+ Project,Dian Fossey Gorilla Fund,Reduced Emissions from Deforestation and Degradation,Climate Gold; Community Gold; Biodiversity Gold,Under validation and verification,"Congo, The Democratic Republic of The",Africa,CCB Third Edition
4967,PLUM Peat and Mangrove Conservation and Restoration Project (PLUM Project),PT. Pagatan Usaha Makmur,Reduced Emissions from Deforestation and Degradation,Climate Gold; Community Gold; Biodiversity Gold,Under validation,Indonesia,Asia,CCB Third Edition
4956,TAPERA AMAZONAS REDD+,Organica Consultoria LTDA,Reduced Emissions from Deforestation and Degradation,Gold,Under validation,Brazil,Latin America,CCB Third Edition
4939,TAPERA AMAZON REDD+,Organica Consultoria LTDA,Reduced Emissions from Deforestation and Degradation,,Suspended,Brazil,Latin America,CCB Third Edition
4906,RIMBA PAKAI KEMUKA ARI - Forest for Future,Yayasan Pelestari Ragamhayati dan Cipta Fondasi Indonesia,Reduced Emissions from Deforestation and Degradation,,Under validation,Indonesia,Asia,CCB Third Edition
4890,Regenerative Development of Anlo Wetlands Project,Terraformation Inc.,"Afforestation, Reforestation and Revegetation",,Under validation,Ghana,Africa,CCB Third Edition
4886,Tatuy REDD+ Project,Multiple Proponents,Reduced Emissions from Deforestation and Degradation,,Under Verification,Brazil,Latin America,CCB Third Edition
4881,"TIST Program in Tanzania, VCS-CCB-011",Clean Air Action Corporation,"Afforestation, Reforestation and Revegetation",Climate Gold; Community Gold; Biodiversity Gold,Under Verification,Tanzania,Africa,CCB Third Edition
4872,AFFORESTATION AND BIODIVERSITY CONSERVATION PROJECT IN WEST BENGAL,Intellecap Advisory Services Private Limited,"Afforestation, Reforestation and Revegetation",Climate Gold; Community Gold,Under validation,India,Asia,CCB Third Edition
4865,OGA REDD+ PROJECT,Multiple Proponents,Reduced Emissions from Deforestation and Degradation,,Under validation and verification,Brazil,Latin America,CCB Third Edition
4867,AHU REDD+ PROJECT,Multiple Proponents,Reduced Emissions from Deforestation and Degradation,,Under validation and verification,Brazil,Latin America,CCB Third Edition
4860,Community Based Agroforestry Project,Intellecap Advisory Services Private Limited,"Afforestation, Reforestation and Revegetation",Community Gold,Under validation,India,Asia,CCB Third Edition
4857,AWA REDD+ PROJECT,Multiple Proponents,Reduced Emissions from Deforestation and Degradation,Community Gold,Under validation and verification,Brazil,Latin America,CCB Third Edition
4854,Reducción de la deforestación y degradación en el parque nacional Bahuaja sonene en la región Puno - Perú,Asociación para la Investigación y Desarrollo Integral – AIDER,Reduced Emissions from Deforestation and Degradation,Community Gold,Under validation and verification,Peru,Latin America,CCB Third Edition
4852,Expanding Green Cover though afforestation in the Himalayan Region of Uttarakhand through communities-leading towards ownership and sustainability,Multiple Proponents,"Afforestation, Reforestation and Revegetation",Climate Gold; Community Gold,Under validation,India,Asia,CCB Third Edition
4841,Ana Primavesi – Sustainable Farming and Restoration Program,Ubá Sustainability Institute,"Afforestation, Reforestation and Revegetation",,Under validation,Brazil,Latin America,CCB Third Edition
4834,Seringal Rio Branco REDD+ Project,Multiple Proponents,Reduced Emissions from Deforestation and Degradation,Climate Gold; Biodiversity Gold,Under validation,Brazil,Latin America,CCB Third Edition
4802,Rio Muru REDD+ Project,Multiple Proponents,Reduced Emissions from Deforestation and Degradation,Climate Gold; Biodiversity Gold,Under Verification,Brazil,,CCB Third Edition
4796,CACHOEIRA PORTEIRA CONSERVATION PROJECT,Multiple Proponents,Improved Forest Management,Climate Gold; Community Gold; Biodiversity Gold,Under validation and verification,Brazil,Latin America,CCB Third Edition
4780,Sichuan Ganluo IFM (conversion of logged to protected forest) Project,"Chengdu Haisha Technology Co.,Ltd.",Improved Forest Management,,Under validation,China,Asia,CCB Third Edition
4773,Vencedor Guajoya REDD+,Multiple Proponents,Reduced Emissions from Deforestation and Degradation,Community Gold,Project withdrawn,Peru,Latin America,CCB Third Edition
4770,Xinjiang Fuyun Improved Grassland Management Project,"Xinjiang Fuyun County State-owned Assets Investment Management Co., Ltd.",Agricultural Land Management,,Under validation,China,,CCB Third Edition
4771,Xinjiang Kalamaili Improved Grassland Management Project,"Xinjiang Fuyun County State-owned Assets Investment Management Co., Ltd.",Agricultural Land Management,,Under validation,China,,CCB Third Edition
4765,Yabu Ala Improved Grassland Management Project,"Inner Mongolia Cili Agricultural Development Co., Ltd.",Agricultural Land Management,,Rejected by Administrator,China,Asia,CCB Third Edition
4766,Tamusu Improved Grassland Management Project,"Inner Mongolia Chengyao Grassland, Forestry and Animal Husbandry Ecological Technology Co., Ltd.",Agricultural Land Management,,Under validation and verification,China,Asia,CCB Third Edition
4756,Bahenap Village Forest Project,Bentang Kalimantan Tangguh,Reduced Emissions from Deforestation and Degradation,,Under validation,Indonesia,Asia,CCB Third Edition
4747,Pantanal REDD+ Program,Biofilica Ambipar Environmental Investments S.A,Reduced Emissions from Deforestation and Degradation,Climate Gold; Biodiversity Gold,Under validation,Brazil,Latin America,CCB Third Edition
4748,RESTORED PRODUCTIVE LANDSCAPES IN THE MAGDALENA RIVER MIDDLE BASIN IN COLOMBIA,FUNDACIÓN PROYECTO PRIMATES - FPP,"Afforestation, Reforestation and Revegetation",Biodiversity Gold,Under validation,Colombia,Latin America,CCB Third Edition
4732,"NatureRe assisted natural regeneration project in degraded lands in Antioquia, Colombia",NatureRe Capital AG,"Afforestation, Reforestation and Revegetation",,Under validation,Colombia,Latin America,CCB Third Edition
4730,Xinjiang Habahe Improved Grassland Management Project,"Habahe Xinghua Agricultural Investment Development Co., Ltd.",Agricultural Land Management,,Under validation,China,Asia,CCB Third Edition
4724,Xinjiang Altay Improved Grassland Management Project,"Xinjiang Altay City Zhujin Investment Co., Ltd.",Agricultural Land Management,,Under validation,China,Asia,CCB Third Edition
4714,Kajiado Rangelands Carbon Project,Soils for the Future Africa Ltd,Agricultural Land Management,Climate Gold; Community Gold; Biodiversity Gold,Under validation,Kenya,Africa,CCB Third Edition
4702,Chahar Right Rear Banner Improved Grassland Management Project,"Beijing BOE Energy Technology Co.,Ltd.",Agricultural Land Management,,Under validation and verification,China,Asia,CCB Third Edition
4690,Ningxia Pengyang 2021-2023 Afforestation Project,Bureau of Natural Resources in Pengyang,"Afforestation, Reforestation and Revegetation",,Under validation,China,Asia,CCB Third Edition
4687,Tueré REDD+ Project,Multiple Proponents,Reduced Emissions from Deforestation and Degradation,Climate Gold; Biodiversity Gold,Under validation,Brazil,Latin America,CCB Third Edition
4689,Ateles REDD+,Multiple Proponents,Reduced Emissions from Deforestation and Degradation,Biodiversity Gold,Under validation,Brazil,Latin America,CCB Third Edition
4681,YBYRÁ REDD+ Project,Multiple Proponents,Reduced Emissions from Deforestation and Degradation,,Under validation and verification,Brazil,Latin America,CCB Third Edition
4668,Alxa Left Banner Improved Grassland Management Project,"Inner Mongolia Cili Agricultural Development Co., Ltd.",Agricultural Land Management,,Rejected by Administrator,China,Asia,CCB Third Edition
4671,ANGELIM REDD+,Multiple Proponents,Reduced Emissions from Deforestation and Degradation,Climate Gold,Under validation and verification,Brazil,Latin America,CCB Third Edition
4653,Integrated Management Program of Peat Forest Ecosystem in Kahayan Hilir District,KPSHK (Consortium for Supporting Community-Based Forest),"Afforestation, Reforestation and Revegetation",Climate Gold; Community Gold; Biodiversity Gold,Under validation,Indonesia,Asia,CCB Third Edition
4646,"TIST Program in Kenya, VCS-011",Clean Air Action Corporation,"Afforestation, Reforestation and Revegetation",Climate Gold; Community Gold; Biodiversity Gold,Under validation and verification,Kenya,Africa,CCB Third Edition
4606,Qinghai Gangcha Improved Grassland Management Project,"Gangcha County Urban and Rural Investment Development Co., Ltd",Avoided Conversion of Grasslands and Shrublands,,Validation public comment period expired,China,Asia,CCB Third Edition
4602,"REDD Carbon and Biodiversity Project, Greater El Rey Area, Jujuy, Argentina",VisionNetZero GmbH,Reduced Emissions from Deforestation and Degradation,Biodiversity Gold,Under Verification,Argentina,Latin America,CCB Third Edition
4587,Boreal Wildlands Forest Carbon Offset Project,The Nature Conservancy of Canada,Improved Forest Management,Climate Gold,Validation and verification public comment period expired,Canada,North America,CCB Third Edition
4563,ALLCOT BLUE CARBON MANGROVE PROJECT IN SENEGAL (ABC  Mangrove Senegal),ALLCOT A.G.,Wetland Rewetting and Conservation,Climate Gold; Community Gold; Biodiversity Gold,Validation public comment period expired,Senegal,Africa,CCB Third Edition
4552,UÁKIRY REDD+ AUDD  GROUPED PROJECT,Multiple Proponents,Reduced Emissions from Deforestation and Degradation,,Under validation and verification,Brazil,Latin America,CCB Third Edition
4545,Sodom Hanba Improved Grassland Management Project,"Inner Mongolia Chengyao Grassland, Forestry and Animal Husbandry Ecological Technology Co., Ltd.",Agricultural Land Management,,Validation public comment period expired,China,Asia,CCB Third Edition
4542,Amazônidas REDD+ AUDD Grouped Project,BRCARBON SERVICOS AMBIENTAIS LTDA,Reduced Emissions from Deforestation and Degradation,,Under validation and verification,Brazil,Latin America,CCB Third Edition
4525,The Republic of the Congo Improved Forest Management Project,Société d'Exploitation Forestière Yuan Dong,Improved Forest Management,,Validation public comment period expired,Congo,Africa,CCB Third Edition
4518,Qitai Shuifa Improved Grassland Management Project,"Qitai Shuifa Modern Agriculture and Animal Husbandry Development Co., Ltd.",Agricultural Land Management,,Validation public comment period expired,China,Asia,CCB Third Edition
4516,Dongzong Sustainable Grassland Management Project,"Tianjin Zhongrui Gefei Technology Services Co., Ltd.",Agricultural Land Management,Climate Gold,Validation public comment period expired,China,Asia,CCB Third Edition
4497,Amazon Partners 20,"Amazon Partners 20, LLC",Reduced Emissions from Deforestation and Degradation,Gold,Under validation,Brazil,Latin America,CCB First Edition
4490,Maodeng Pasture Improved Grassland Management Project,Maodeng Pasture of Xilin Hot City,Agricultural Land Management,Gold,Under validation and verification,China,Asia,CCB Third Edition
4483,Inner Mongolia Hinggan League Improved Grassland Management Project,"Hinggan League Water Investment Group Co., Ltd.",Agricultural Land Management,,Under validation,China,Asia,CCB Third Edition
4485,Mejuruá Project,BR ARBO GESTAO FLORESTAL S.A.,Reduced Emissions from Deforestation and Degradation,Climate Gold; Community Gold; Biodiversity Gold,Verification public comment period requested ,Brazil,Latin America,CCB Third Edition
4451,Ejin Banner Improved Grassland Management Project,"Henan Province Yemeixiang Eco-Agriculture Technology Co., Ltd.",Agricultural Land Management,Gold,Validation public comment period expired,China,Asia,CCB Third Edition
4452,Asaga Amazonas REDD+ project,Amazonas REDD Projects Limited,Reduced Emissions from Deforestation and Degradation,Climate Gold; Community Gold; Biodiversity Gold,Under validation and verification,Brazil,Latin America,CCB Third Edition
4446,Yuli Grassland Sustainable Management Project,"Yuli Liangshan Green Industry Investment Co., Ltd.",Agricultural Land Management,,Under validation,China,Asia,CCB Third Edition
4439,Yecheng Grassland Sustainable Management Project (Phase 1),"Jincheng Urban and Rural Construction Investment Development Co., Ltd",Agricultural Land Management,Biodiversity Gold,Validation public comment period expired,China,Asia,CCB Third Edition
4429,Management of Community Forests for the Reduction of Deforestation in the Peruvian Amazon,Multiple Proponents,Reduced Emissions from Deforestation and Degradation,Community Gold; Biodiversity Gold,Under validation and verification,Peru,Latin America,CCB Third Edition
4424,Sichuan Muli County REDD Project,Multiple Proponents,Avoided Conversion of Grasslands and Shrublands,,Under validation,China,Asia,CCB Third Edition
4408,Lake Victoria Watershed Agroforestry Carbon Project,Trees for the Future Inc.,Agricultural Land Management,,Under validation,Kenya,Africa,CCB Third Edition
4411,Xinzhou Echeng Afforestation Project,Jingle County Sailing Carbon Sink Development Co. LTD,"Afforestation, Reforestation and Revegetation",,Project withdrawn,China,Asia,CCB Third Edition
4392,Jinhui sustainable grassland management project,"Tianjun County Jinhui State-owned Assets Investment Operation Co., Ltd.",Agricultural Land Management,,Under validation and verification,China,Asia,CCB Third Edition
4394,Jatobá REDD+ Project,Multiple Proponents,Reduced Emissions from Deforestation and Degradation,Climate Gold; Biodiversity Gold,Under Verification,Brazil,Latin America,CCB Third Edition
4387,REDD+ Project Pacha Prometida,Samay ltda.,Reduced Emissions from Deforestation and Degradation,,Under validation,Bolivia,Latin America,CCB Third Edition
4391,Amazon Partners 1,"Amazon Partners 1, LLC",Reduced Emissions from Deforestation and Degradation,Gold,Under validation,Brazil,Latin America,CCB First Edition
4384,Jaji ARR Project,Pioneer Sustainable Agriculture Ltd.,"Afforestation, Reforestation and Revegetation",,Under validation,Nigeria,Africa,CCB Third Edition
4381,WEST SERAM REDD+ and AGARWOOD ForestWise PROJECT,Multiple Proponents,Reduced Emissions from Deforestation and Degradation,Climate Gold; Community Gold; Biodiversity Gold,Under validation,Indonesia,Asia,CCB Third Edition
4372,DR Congo Mangrove Blue Carbon Project,ClimeTrek Ltd,Wetland Rewetting and Conservation,Gold,Under validation,"Congo, The Democratic Republic of The",Africa,CCB Third Edition
4369,TIANZHU IMPROVED GRASSLAND MANAGEMENT PROJECT,"Zhejiang Zhongzheng Forestry Development Co.,Ltd",Agricultural Land Management,,Under validation,China,Asia,CCB Third Edition
4348,Subei Sustainable Grassland Management Project Phase II,"Beijing Qianyuhui Environmental Technology Co., Ltd.",Agricultural Land Management,,Under validation,China,Asia,CCB Third Edition
4329,Conservation and Restoration of Classified Forests in Côte d’Ivoire,Multiple Proponents,Reduced Emissions from Deforestation and Degradation,Climate Gold; Community Gold; Biodiversity Gold,Under validation,Cote D'Ivoire,Africa,CCB Third Edition
4304,Transformational Regenerative Integrated Biodiverse Agriculture for Livelihoods (TRIBAL),Archipel India Foundation,Agricultural Land Management,Climate Gold; Community Gold; Biodiversity Gold,Under validation,India,Asia,CCB Third Edition
4283,Aksai Sustainable Grassland Management Project,"Beijing Qianyuhui Environmental Technology Co., Ltd.",Agricultural Land Management,,Under validation,China,,CCB Third Edition
4272,Sichuan Yuexi IFM Project,Lingguan State-Owned Forest Protection Bureau of Yuexi County,"Afforestation, Reforestation and Revegetation",,Validation public comment period expired,China,Asia,CCB Third Edition
4264,Hainan Grassland Sustainable Management Project,"Qinghai Tanzhihuilin Co., LTD",Agricultural Land Management,Biodiversity Gold,Validation public comment period expired,China,Asia,CCB Third Edition
4265,REDD+ Café Apuí Agroflorestal,Amazonia Agroflorestal Comercializacao de Produtos Agroflorestais Ltda,Reduced Emissions from Deforestation and Degradation,Climate Gold; Community Gold; Biodiversity Gold,Under validation,Brazil,Latin America,CCB Third Edition
4254,Tianjun Grassland Sustainable Management Project,"Qinghai Tanzhihuilin Co., LTD",Agricultural Land Management,,Project withdrawn,China,Asia,CCB Third Edition
4255,Rewilding Maforki,Rewilding Maforki Limited,"Afforestation, Reforestation and Revegetation",Gold,Under validation,Sierra Leone,Africa,CCB Third Edition
4246,Subei Sustainable Grassland Management Project,"Beijing Qianyuhui Environmental Technology Co., Ltd.",Agricultural Land Management,,Validation public comment period expired,China,Asia,CCB Third Edition
4240,Guinan Grassland Sustainable Management Project,"Qinghai Tanzhihuilin Co., LTD",Agricultural Land Management,Biodiversity Gold,Validation public comment period expired,China,Asia,CCB Third Edition
4218,Gansu Guazhou Sustainable Grassland Management Project,"Beijing Qianyuhui Environmental Technology Co., Ltd.",Agricultural Land Management,,Under validation,China,Asia,CCB Third Edition
4221,Seringueira II REDD+ Project,Multiple Proponents,Reduced Emissions from Deforestation and Degradation,Gold,Withdrawn,Brazil,Latin America,CCB Third Edition
4178,"Myanmar Bago 2,450 acres afforestation project","Color Park International Co., Ltd.","Afforestation, Reforestation and Revegetation",,Under validation,Myanmar,Asia,CCB Third Edition
4175,XINJIANG YINING SUSTAINABLE GRASSLAND MANAGEMENT PROJECT,Fujian Jinsen Carbon Sink Technology Co. Ltd.,Agricultural Land Management,,Under validation,China,Asia,CCB Third Edition
4163,Otog Front Banner sustainable grassland management project,Otog Front Banner Cultural Tourism Group Ltd.,"Afforestation, Reforestation and Revegetation",,Under validation and verification,China,Asia,CCB Third Edition
4165,Seringueira REDD+ Project,Multiple Proponents,"Afforestation, Reforestation and Revegetation",Gold,Under Verification,Brazil,Latin America,CCB Third Edition
4136,Wetlands Along the Yangtze River and Dongting Lake Restoration Project in Junshan,Multiple Proponents,Wetland Rewetting and Conservation,Climate Gold; Biodiversity Gold,Under validation and verification,China,Asia,CCB Third Edition
4143,Urupianga Grouped REDD Project,Future Carbon Holding S.A.,Reduced Emissions from Deforestation and Degradation,,Under Verification,Brazil,Latin America,CCB Third Edition
4122,Siziwang Banner Improved Grassland Management Project,Multiple Proponents,Agricultural Land Management,,Project withdrawn,China,Asia,CCB Third Edition
4110,Henan Luoning IFM (conversion of logged to protected forest) Project,"Zhejiang Zhongzheng Forestry Development Co.,Ltd",Improved Forest Management,,Validation and verification approval request denied,China,Asia,CCB Third Edition
4117,REDD Carbonflor,ECCON Solucoes Ambientais,Reduced Emissions from Deforestation and Degradation,,Under validation,Brazil,Latin America,CCB Third Edition
4107,Gansu Longnan Afforestation Project,Longnan State Capital Investment Management Company Limited,"Afforestation, Reforestation and Revegetation",,Under validation and verification,China,Asia,CCB Third Edition
4102,Damao Banner Sustainable Grassland Management Project,"Damao Banner Eco-Construction Investment Co., Ltd.",Agricultural Land Management,,Verification approved,China,Asia,CCB Third Edition
4042,Cauaxi REDD+ Grouped Project,BRCARBON SERVICOS AMBIENTAIS LTDA,Reduced Emissions from Deforestation and Degradation,Biodiversity Gold,Under Verification,Brazil,Latin America,CCB Third Edition
4034,Agropalma REDD+ Project,Multiple Proponents,Reduced Emissions from Deforestation and Degradation,Biodiversity Gold,Validation approval request denied,Brazil,Latin America,CCB Third Edition
4016,Amazon Biome Conservancy Grouped REDD+ Project,Systemica Inteligência em Sustentabilidade S.A.,Reduced Emissions from Deforestation and Degradation,Climate Gold; Community Gold; Biodiversity Gold,Under Verification,Brazil,Latin America,CCB Third Edition
3960,Belize Maya Forest REDD+ Project,The Nature Conservancy,Reduced Emissions from Deforestation and Degradation,Biodiversity Gold,Under validation,Belize,Latin America,CCB Third Edition
3919,Henan Luoning Afforestation Project,"Guizhou Qianhe Carbon Technology Co., Ltd","Afforestation, Reforestation and Revegetation",,Project withdrawn,China,Asia,CCB Third Edition
3923,Grouped Sustainable Agroforestry Project,Multiple Proponents,"Afforestation, Reforestation and Revegetation",,Validation approval request denied,India,Asia,CCB Third Edition
3897,"Mangrove restoration project in Wenchang and Changjiang, Hainan",Multiple Proponents,"Afforestation, Reforestation and Revegetation",,Validation and verification approval request denied,China,Asia,CCB Third Edition
3868,Fangchenggang Mangrove afforestation project,"Fangchenggang Xinggang Agricultural Development Co., Ltd","Afforestation, Reforestation and Revegetation",,Under validation and verification,China,Asia,CCB Third Edition
3843,Sichuan Yuexi Afforestation Project,Lingguan State-Owned Forest Protection Bureau of Yuexi County,"Afforestation, Reforestation and Revegetation",Gold,Under validation,China,Asia,CCB First Edition
3816,Samaúma REDD+ Project,Multiple Proponents,Reduced Emissions from Deforestation and Degradation,Community Gold; Biodiversity Gold,Under Verification,Brazil,Latin America,CCB Third Edition
3811,Chirisa REDD+ Project,Carbon Green Investments Guernsey Limited,Reduced Emissions from Deforestation and Degradation,Climate Gold; Community Gold; Biodiversity Gold,Project withdrawn,Zimbabwe,Africa,CCB Third Edition
3777,Tibet Nagqu Improved Grassland Management Project,National Forestry and Grassland Administration Northwest Investigation and Planning Institute,Agricultural Land Management,,Under validation,China,Asia,CCB Third Edition
3773,Mindanao Forests for People and Sustainable Livelihoods (MinFor),Multiple Proponents,Reduced Emissions from Deforestation and Degradation,Climate Gold; Community Gold; Biodiversity Gold,Under validation,Philippines,Asia,CCB Third Edition
3738,Triunfo do Xingu Grouped REDD+ Project,Systemica Inteligência em Sustentabilidade S.A.,Reduced Emissions from Deforestation and Degradation,Climate Gold; Community Gold; Biodiversity Gold,Under validation,Brazil,Latin America,CCB Third Edition
3739,Selva de Urundel REDD+ Project,CARBON CREDITS CONSULTING S.R.L.,Reduced Emissions from Deforestation and Degradation,Biodiversity Gold,Under validation and verification,Argentina,Latin America,CCB Third Edition
3727,Corridors for Life ARR Grouped Project,Multiple Proponents,"Afforestation, Reforestation and Revegetation",Biodiversity Gold,Validation approved,Brazil,Latin America,CCB Third Edition
3726,Amazon Guardians REDD+ Project,Bosques Amazónicos,Reduced Emissions from Deforestation and Degradation,,Validation public comment period expired,Peru,Latin America,CCB Third Edition
3708,Hebei Improved Cropland Management Project Phase I,"Shanghai Agro-Services Co., Ltd",Agricultural Land Management,,Under validation and verification,China,Asia,CCB Third Edition
3692,Xinjiang Burqin Improved Grassland Management Project Phase II,Burqin Jinhua Urban Construction and Investment Co.Ltd.,Agricultural Land Management,,Validation public comment period expired,China,Asia,CCB Third Edition
3671,Chaco Vivo,Atenil S.A.,Reduced Emissions from Deforestation and Degradation,Climate Gold; Community Gold; Biodiversity Gold,Under validation,Paraguay,Latin America,CCB Third Edition
3664,Huinan County Afforestation Project,"Jinyongli Carbon Oxygen Technology (Jilin) Co., Ltd.","Afforestation, Reforestation and Revegetation",,Validation public comment period expired,China,Asia,CCB Third Edition
3660,Papariko - Restoration of Degraded Mangrove Areas in Kenya,Vlinder Austria GmbH,"Afforestation, Reforestation and Revegetation",Climate Gold; Community Gold; Biodiversity Gold; Gold,Under validation,Kenya,Africa,CCB Third Edition
3630,Selva Paranaense Vida Nativa - GS1,NIDEPORT SOCIEDAD ANONIMA,Improved Forest Management,Climate Gold; Community Gold; Biodiversity Gold,Under validation and verification,Argentina,Latin America,CCB Third Edition
3601,CAAPII REDD+ PROJECT,Multiple Proponents,Reduced Emissions from Deforestation and Degradation,Community Gold; Biodiversity Gold,Under validation and verification,Brazil,Latin America,CCB Third Edition
3602,Udzungwa Corridor Reforestation,Udzungwa Corridor Limited,"Afforestation, Reforestation and Revegetation",Climate Gold; Community Gold; Biodiversity Gold,Validation approved,Tanzania,Africa,CCB Third Edition
3594,Finca la Paz II,Multiple Proponents,"Afforestation, Reforestation and Revegetation",Climate Gold,Under validation and verification,Colombia,Latin America,CCB Third Edition
3541,Xiaolongshan Afforestation Project,Multiple Proponents,"Afforestation, Reforestation and Revegetation",Gold,Withdrawn,China,Asia,CCB Third Edition
3542,Gansu Xiaolongshan Afforestation Project,Multiple Proponents,"Afforestation, Reforestation and Revegetation",Gold,Validation public comment period expired,China,Asia,CCB Third Edition
3549,Community Based Forest Plantation in India,Greenovation Sustainability Solutions Private Limited,"Afforestation, Reforestation and Revegetation",,Validation public comment period expired,India,Asia,CCB Third Edition
3552,Community Forestry Initiatives in India,SAUNTA GAUNTA FOUNDATION,"Afforestation, Reforestation and Revegetation",,Validation public comment period expired,India,Asia,CCB Third Edition
3590,Jutaituba REDD+ Project,Multiple Proponents,Reduced Emissions from Deforestation and Degradation,Biodiversity Gold,Under validation,Brazil,Latin America,CCB Third Edition
3479,Amigos de Calakmul Community Conservation Forestry Project,"Terra Global Capital, LLC",Improved Forest Management,Climate Gold; Community Gold; Biodiversity Gold,Under validation and verification,Mexico,Latin America,CCB Third Edition
3456,Fujian Datian Improved Forest Management Project,Multiple Proponents,Improved Forest Management,,Validation public comment period expired,China,Asia,CCB Third Edition
3457,Fujian Guangze IFM (conversion of logged to protected forest) Project,Multiple Proponents,Improved Forest Management,,Validation public comment period expired,China,Asia,CCB Third Edition
3452,Sichuan Huili Improved Forest Management Project,Multiple Proponents,Improved Forest Management,,Validation public comment period expired,China,Asia,CCB Third Edition
3433,Guiyang Afforestation Project,"Guiyang Forestry Industry Development Co., Ltd","Afforestation, Reforestation and Revegetation",,Project withdrawn,China,Asia,CCB Third Edition
3435,Anhui Nanqiao Afforestation Project,"Chuzhou huangqingwei Modern Agricultural Development Co., Ltd","Afforestation, Reforestation and Revegetation",,Validation public comment period expired,China,,CCB First Edition
3450,"Sustainable Agroforestry Cacao Meta, Colombia",Multiple Proponents,"Afforestation, Reforestation and Revegetation",Climate Gold,Under validation and verification,Colombia,Latin America,CCB Third Edition
3395,"Carbon Sink Afforestation Project in Tongyu County, Jilin Province",Forestry Bureau of Tongyu County,"Afforestation, Reforestation and Revegetation",,Validation public comment period expired,China,Asia,CCB Third Edition
3396,PlanTogo,Sequoia Plantation Togo,"Afforestation, Reforestation and Revegetation",Community Gold,Validation public comment period expired,Togo,Africa,CCB Third Edition
3397,Kruger to Canyons Rangeland Restoration Project,Conservation South Africa,Agricultural Land Management,Climate Gold; Community Gold; Biodiversity Gold,Under validation,South Africa,Africa,CCB Third Edition
3370,Ludian County afforestation project in Yunnan Province,Ludian State-owned Forest Farm,"Afforestation, Reforestation and Revegetation",Climate Gold,Validation public comment period expired,China,Asia,CCB Third Edition
3341,Samkos REDD+ Project,"Royal Government of Cambodia (RGC), Ministry of Environment",Reduced Emissions from Deforestation and Degradation,Climate Gold; Biodiversity Gold,Validation and verification public comment period expired,Cambodia,Asia,CCB Third Edition
3343,XiCO2e: Mexican Peninsula Forest Project,FORLIANCE GmbH,Improved Forest Management,,Project withdrawn,Mexico,Latin America,CCB Third Edition
3344,The Last Habitat REDD+ project,Bosques Amazonicos,Reduced Emissions from Deforestation and Degradation,,Under validation and verification,Peru,Latin America,CCB Third Edition
3334,MARAJÓ REDD+ Project,Para Redd Projects Limited,Reduced Emissions from Deforestation and Degradation,Climate Gold; Community Gold; Biodiversity Gold,Validation public comment period expired,Brazil,Latin America,CCB Third Edition
3336,Eastern Yan’an Afforestation Project,National Forestry and Grassland Administration Northwest Investigation and Planning Institute,"Afforestation, Reforestation and Revegetation",,Project withdrawn,China,Asia,CCB Third Edition
3337,Central Yan’an Afforestation Project,National Forestry and Grassland Administration Northwest Investigation and Planning Institute,"Afforestation, Reforestation and Revegetation",,Project withdrawn,China,Asia,CCB Third Edition
3338,Yan’an Wuqi Afforestation Project,National Forestry and Grassland Administration Northwest Investigation and Planning Institute,"Afforestation, Reforestation and Revegetation",,Project withdrawn,China,Asia,CCB Third Edition
3339,Yan’an Aerial Seeding Afforestation Project,National Forestry and Grassland Administration Northwest Investigation and Planning Institute,"Afforestation, Reforestation and Revegetation",,Project withdrawn,China,Asia,CCB Third Edition
3324,Ipoá REDD+ Project,Multiple Proponents,Reduced Emissions from Deforestation and Degradation,Community Gold,Under validation,Brazil,Latin America,CCB Third Edition
3318,Heilongjiang Nehe Afforestation Project,"Nehe Hansenyuan Forestry Investment Co., Ltd","Afforestation, Reforestation and Revegetation",,Validation public comment period expired,China,Asia,CCB First Edition
3319,Tibet Ngari Improved Grassland Management Project,National Forestry and Grassland Administration Northwest Investigation and Planning Institute,Agricultural Land Management,,Validation approved,China,Asia,CCB Third Edition
3299,Grouped Project Serra do Sudeste,The Green Branch,"Afforestation, Reforestation and Revegetation",Gold,Validation approved,Brazil,Latin America,CCB Third Edition
3294,Muskitia Pâsa Klîn Nâka sa,Fundacion Ayuda en Acción,Reduced Emissions from Deforestation and Degradation,,Validation approval request denied,Honduras,Latin America,CCB Third Edition
3280,Carpathia Forest Carbon Project,Fundatia Conservation Carpathia,Improved Forest Management,Climate Gold; Community Gold; Biodiversity Gold,Under validation,Romania,Europe,CCB Third Edition
3241,Guangdong Huidong Afforestation Project,"Juno Carbon Investment & Environmental Technology (Beijing) Co., Ltd.","Afforestation, Reforestation and Revegetation",Gold,Project withdrawn,China,Asia,CCB Third Edition
3226,Padang Tikar Landscape,Multiple Proponents,Reduced Emissions from Deforestation and Degradation,,Validation public comment period expired,Indonesia,Asia,CCB First Edition
3210,Bajo Atrato REDD+ Project,Multiple Proponents,Reduced Emissions from Deforestation and Degradation,Climate Gold; Community Gold,Under validation and verification,Colombia,Latin America,CCB Third Edition
3215,ASATIQ Vaupés Maloca REDD+ Project,Association of Traditional Indigenous Authorities of Querarí (ASATIQ),Reduced Emissions from Deforestation and Degradation,Climate Gold; Community Gold,Under validation and verification,Colombia,Latin America,CCB Third Edition
3216,ASATRIZY Vaupés Maloca REDD+ Project,Association of Traditional Indigenous Authorities of the Yapú Zone (ASATRIZY),Reduced Emissions from Deforestation and Degradation,Climate Gold; Community Gold,Under validation and verification,Colombia,Latin America,CCB Third Edition
3218,Origen Atrato-Baudó REDD+ Project,Multiple Proponents,Reduced Emissions from Deforestation and Degradation,Climate Gold; Community Gold,Under validation and verification,Colombia,Latin America,CCB Third Edition
3203,Yunnan Yulong Afforestation Project,"Yulong State Owned Capital Investment and Operation Co., Ltd.","Afforestation, Reforestation and Revegetation",,Validation and verification approval request denied,China,Asia,CCB Third Edition
3196,Paracel ARR Carbon Forestry Project,PARACEL SA,"Afforestation, Reforestation and Revegetation",,Validation public comment period expired,Paraguay,Latin America,CCB Third Edition
3179,Conservation and restoration of the tropical dry forest of the north coast of Peru,Asociación para la Investigación y Desarrollo Integral – AIDER,Reduced Emissions from Deforestation and Degradation,Community Gold; Biodiversity Gold,Under Verification,Peru,Latin America,CCB Third Edition
3166,ReforesTerra Grouped Project,ReforesTerra – Restauração de Ecossistemas Florestais Ltda,"Afforestation, Reforestation and Revegetation",,Under validation,Brazil,Latin America,CCB Third Edition
3155,NIGER DELTA MANGROVE PROJECT,everi GmbH,"Afforestation, Reforestation and Revegetation",Gold,Validation approved,Nigeria,,CCB Third Edition
3145,Proyecto REDD++ PANI,Multiple Proponents,Reduced Emissions from Deforestation and Degradation,Community Gold; Biodiversity Gold,Validation and verification public comment period expired,Colombia,Latin America,CCB Third Edition
3140,ZhaoQu Afforestation Project,"Yunnan Ruihan Agricultural Technology Development Co., Ltd.","Afforestation, Reforestation and Revegetation",,Verification public comment period expired,China,Asia,CCB Third Edition
3141,Western Amazon REDD+ Grouped Project,CARBON CREDITS CONSULTING S.R.L.,Reduced Emissions from Deforestation and Degradation,Biodiversity Gold,Under validation and verification,Brazil,Latin America,CCB Third Edition
3055,Itaúba REDD+ Project,Multiple Proponents,Reduced Emissions from Deforestation and Degradation,,Verification public comment period expired,Brazil,Latin America,CCB Third Edition
3048,Keyue Adjusted Water Management in Rice Cultivation,"Hangzhou Chunmeng Agricultural Technology Co., Ltd",Agricultural Land Management,,Verification public comment period expired,China,Asia,CCB Third Edition
3024,Puwangzi Afforestation Project,"Guizhou Yuanda Carbon Forestry Development Co., Ltd","Afforestation, Reforestation and Revegetation",,Project withdrawn,China,Asia,CCB Third Edition
3002,Hiwi REDD+ Project,Multiple Proponents,Reduced Emissions from Deforestation and Degradation,,Under Verification,Brazil,Latin America,CCB Third Edition
2980,Feijó REDD+ Project,Multiple Proponents,Reduced Emissions from Deforestation and Degradation,Climate Gold; Community Gold,Under validation,Brazil,Latin America,CCB Third Edition
2931,Grassland Restoration and Stewardship in South Africa (GRASS),Multiple Proponents,Agricultural Land Management,,Under validation and verification,South Africa,Africa,CCB Third Edition
2928,North Bandai Bamboo Reforestation Project,"EcoPlanet Bamboo Group, LLC","Afforestation, Reforestation and Revegetation",Climate Gold; Community Gold,Under validation,Ghana,Africa,CCB Third Edition
2926,Afforestation Project,Multiple Proponents,"Afforestation, Reforestation and Revegetation",Climate Gold; Community Gold; Biodiversity Gold,Project withdrawn,China,Asia,CCB Third Edition
2921,Jilin Baishishan Afforestation Project,"Jilin Forest Industry Environmental Technology Co., Ltd.","Afforestation, Reforestation and Revegetation",Gold,Validation approval request denied,China,Asia,CCB Third Edition
2920,Rayaka Prana  REDD+ Müskitia Hondureña,Multiple Proponents,Reduced Emissions from Deforestation and Degradation,Climate Gold; Community Gold,Project withdrawn,Honduras,Latin America,CCB Third Edition
2914,BONOS LAGUNA SÍJIL NOH-HÁ,Ban.CO2 de Carbono Mestizo,Improved Forest Management,,Project withdrawn,Mexico,Latin America,CCB Third Edition
2893,Liaoyuan Afforestation Project,Envision Energy Co. Ltd,"Afforestation, Reforestation and Revegetation",,Validation public comment period expired,China,Asia,CCB Third Edition
2884,Gansu Zhangye Grouped Afforestation Project,Zhangye Academy of Forestry Sciences,"Afforestation, Reforestation and Revegetation",,Verification public comment period expired,China,Asia,CCB Third Edition
2878,Rio Madeira Grouped REDD+ Project,Future Carbon International LLC,Reduced Emissions from Deforestation and Degradation,,Under Verification,Brazil,Latin America,CCB Third Edition
2872,CRIMA PREDIO PUTUMAYO Y ANDOQUE DE ADUCHE REDD+  PROJECT,Multiple Proponents,Reduced Emissions from Deforestation and Degradation,Gold,Project withdrawn,Colombia,Latin America,CCB Third Edition
2852,Xinjiang Burqin Improved Grassland Management Project,Burqin Jinhua Urban Construction and Investment Co.Ltd.,Agricultural Land Management,,Verification approved,China,Asia,CCB Third Edition
2791,CONSERVATION OF NATIVE FOREST IN THE BIODIVERSITY HOTSPOT OF PAPUA NEW GUINEA,WeAct Pty Ltd.,Reduced Emissions from Deforestation and Degradation,,Under validation and verification,Papua New Guinea,Oceania,CCB Third Edition
2748,Zhangye Improved Grassland Management Project,Zhangye Academy of Forestry Sciences,Agricultural Land Management,,Verification approved,China,Asia,CCB Third Edition
2743,Guizhou Xingren Afforestation Project,Xingren Lishuping State owned Forest Farm,"Afforestation, Reforestation and Revegetation",,Validation public comment period expired,China,Asia,CCB First Edition
2745,Wuwei City Afforestation Project in Gansu Province,Multiple Proponents,"Afforestation, Reforestation and Revegetation",,Verification approved,China,Asia,CCB Third Edition
2733,Yunnan shizong Afforestation Project,Multiple Proponents,"Afforestation, Reforestation and Revegetation",,Validation public comment period expired,China,Asia,CCB First Edition
2723,CONDOTO REDD+,Multiple Proponents,Reduced Emissions from Deforestation and Degradation,Community Gold,Verification approved,Colombia,Latin America,CCB Third Edition
2652,HENAN YIYANG AFFORESTATION PROJECT,"Guizhou Qianhe Carbon Technology Co., Ltd","Afforestation, Reforestation and Revegetation",,Verification approved,China,Asia,CCB Third Edition
2651,HENAN SONGXIAN AFFORESTATION PROJECT,"Guizhou Qianhe Carbon Technology Co., Ltd","Afforestation, Reforestation and Revegetation",,Project withdrawn,China,Asia,CCB Third Edition
2647,Reforestation grouped project Norteak Nicaragua,Norteak Nicaragua S.A.,"Afforestation, Reforestation and Revegetation",Climate Gold,Under validation and verification,Nicaragua,Latin America,CCB Third Edition
2623,Komaza Smallholder Farmer Forestry Kenya,Komaza Group Inc.,"Afforestation, Reforestation and Revegetation",Climate Gold; Community Gold; Biodiversity Gold,Verification approved,Kenya,Africa,CCB Third Edition
2620,Ribeirinho REDD+ Project,Multiple Proponents,Reduced Emissions from Deforestation and Degradation,,Validation and verification approval request denied,Brazil,Latin America,CCB Third Edition
2611,CORAZÓN VERDE DEL CHACO PROJECT,Quadriz Paraguay S.A.,Reduced Emissions from Deforestation and Degradation,Biodiversity Gold,Verification approved,Paraguay,Latin America,CCB Third Edition
2609,KUAMUT RAINFOREST CONSERVATION PROJECT,Permian Malaysia SDN. BHD,Reduced Emissions from Deforestation and Degradation,Climate Gold,Under Verification,Malaysia,Asia,CCB Third Edition
2566,The Serra do Amolar REDD+ Project,Instituto Homem Pantaneiro,Reduced Emissions from Deforestation and Degradation,Biodiversity Gold,Verification approved,Brazil,Latin America,CCB Third Edition
2565,Yunnan Qiubei Afforestation Project,Multiple Proponents,"Afforestation, Reforestation and Revegetation",,Verification approved,China,Asia,CCB Third Edition
2558,ABC Norte REDD Project,Multiple Proponents,Reduced Emissions from Deforestation and Degradation,,Under Verification,Brazil,Latin America,CCB Third Edition
2556,Southern Paraguay Sustainable Afforestation Project,SAIFF Hold Co. Ltd.,"Afforestation, Reforestation and Revegetation",,Under validation and verification,Paraguay,Latin America,CCB Third Edition
2551,BRAZILIAN AMAZON APD GROUPED PROJECT,BRCARBON SERVICOS AMBIENTAIS LTDA,Reduced Emissions from Deforestation and Degradation,Biodiversity Gold,Verification approved,Brazil,Latin America,CCB Third Edition
2539,EVERGREEN REDD+ PROJECT,Multiple Proponents,Reduced Emissions from Deforestation and Degradation,Climate Gold; Community Gold; Biodiversity Gold,On Hold - see notification letter,Brazil,Latin America,CCB Third Edition
2538,Pendjari and W-Benin National Parks REDD+ Project,African Parks Benin (A Branch of African Parks Network),Reduced Emissions from Deforestation and Degradation,Climate Gold; Biodiversity Gold,Verification approved,Benin,Africa,CCB Third Edition
2512,"AFFORESTATION OF DEGRADED GRASSLANDS IN VICHADA, COLOMBIA",Forest First Colombia S.A.S.,"Afforestation, Reforestation and Revegetation",,Verification approval requested ,Colombia,Latin America,CCB Third Edition
2510,"CHINKO CONSERVATION AREA REDD+ PROJECT, CENTRAL AFRICAN REPUBLIC",African Parks RCA,Reduced Emissions from Deforestation and Degradation,Climate Gold; Biodiversity Gold,Verification approved,Central African Republic,Africa,CCB Third Edition
2502,TAHUAMANU AMAZON REDD PROJECT,MADERERA RIO ACRE SAC,Reduced Emissions from Deforestation and Degradation,Biodiversity Gold,Verification approval requested ,Peru,Latin America,CCB Third Edition
2496,IMPACT REFORESTATION IN THE CHACO PROJECT,Investancia Paraguay S.A.,"Afforestation, Reforestation and Revegetation",,Under validation,Paraguay,Latin America,CCB Third Edition
2497,"TIST Program in Uganda, VCS-CCB 011",Clean Air Action Corporation,"Afforestation, Reforestation and Revegetation",Climate Gold; Community Gold; Biodiversity Gold,Verification approved,Uganda,Africa,CCB Third Edition
2483,PNG Communities BEST REDD - Tavolo Project,FORCERT Limited,Reduced Emissions from Deforestation and Degradation,Climate Gold; Community Gold; Biodiversity Gold,Under validation and verification,Papua New Guinea,Oceania,CCB Third Edition
2480,Lumin/Eucapine Forest Plantations on degraded grasslands under extensive grazing,EUCAPINE S.R.L,"Afforestation, Reforestation and Revegetation",,Project withdrawn,Uruguay,Latin America,CCB Third Edition
2481,Generation Forest Group Project,Fundacion Bosque De Generaciones,"Afforestation, Reforestation and Revegetation",,Verification approved,Panama,Latin America,CCB Third Edition
2472,Conservation and Sustainable Management of the Ukumari Cloud Forest,SERVICIOS AMBIENTALES RAINFOREST DEL ECUADOR S.A.,Reduced Emissions from Deforestation and Degradation,Climate Gold; Community Gold; Biodiversity Gold,Rejected by Administrator,Ecuador,Latin America,CCB Third Edition
2465,Avoided Conversion Cerrado,ERA Assessoria e Projetos Ambientais e Agricolas Ltd.,Avoided Conversion of Grasslands and Shrublands,,Under validation and verification,Brazil,Latin America,CCB Third Edition
2458,Guoluo Grassland Sustainable Management Project,"Qinghai Guanglv Landscaping Co., Ltd.",Avoided Conversion of Grasslands and Shrublands,Biodiversity Gold,Verification approved,China,Asia,CCB Third Edition
2451,Shanxi Loufan Afforestation Project,Loufan County Forestry Workstation,"Afforestation, Reforestation and Revegetation",,Verification approved,China,Asia,CCB Third Edition
2420,Zhangjiakou Zhuolu County 2017 Afforestation Project,"Zhangjiakou Sailin Landscaping Co., Ltd.","Afforestation, Reforestation and Revegetation",,Rejected by Administrator,China,Asia,CCB Third Edition
2418,Gansu Lanzhou Afforestation Project,Lanzhou Landscaping And Greening Service Center,"Afforestation, Reforestation and Revegetation",,Verification approved,China,Asia,CCB Third Edition
2413,Zhangjiakou Zhangbei County 2017 Afforestation Project,"Zhangjiakou Sailin Landscaping Co., Ltd.","Afforestation, Reforestation and Revegetation",,Validation approved,China,Asia,CCB Third Edition
2412,Mindanao Tree Planting Program for our Climate and Communities (MinTrees),Multiple Proponents,"Afforestation, Reforestation and Revegetation",Climate Gold; Community Gold; Biodiversity Gold,Verification public comment period requested ,Philippines,Asia,CCB Third Edition
2411,Bosques del Uruguay II (BDU II) Afforestation through High Quality Timber in Grasslands Project,AGRO EMPRESA FORESTAL SA,"Afforestation, Reforestation and Revegetation",,Under validation and verification,Uruguay,Latin America,CCB Third Edition
2408,Baoxing Afforestation Project,Sichuan Jiajinshan Forestry Bureau,"Afforestation, Reforestation and Revegetation",,Verification approval request denied,China,Asia,CCB Third Edition
2405,Gansu Dingxi Afforestation Project,Dingxi City Chankou Forestry Proving Ground,"Afforestation, Reforestation and Revegetation",,Verification approved,China,Asia,CCB Third Edition
2391,Gansu Tianshui Afforestation Project,Tianshui Forestry Science Institute,"Afforestation, Reforestation and Revegetation",,Under Verification,China,Asia,CCB Third Edition
2387,Liugui Afforestation Project,"Guangxi Baixin Agricultural Technology Co., Ltd.","Afforestation, Reforestation and Revegetation",,Project withdrawn,China,Asia,CCB Third Edition
2378,Miaoling Afforestation Project,"Guizhou Xinzhanxin Agricultural Technology Co., Ltd.","Afforestation, Reforestation and Revegetation",,Project withdrawn,China,Asia,CCB Third Edition
2379,Huadu Afforestation Project,"Guizhou Xinzhanxin Agricultural Technology Co., Ltd.","Afforestation, Reforestation and Revegetation",,Project withdrawn,China,Asia,CCB Third Edition
2376,Jilin Lushuihe Afforestation Project,"Jilin Forest Industry Environmental Technology Co., Ltd.","Afforestation, Reforestation and Revegetation",Gold,Validation approval request denied,China,Asia,CCB Third Edition
2377,Jilin Wangou Afforestation Project,"Jilin Forest Industry Environmental Technology Co., Ltd.","Afforestation, Reforestation and Revegetation",Gold,Validation approval request denied,China,Asia,CCB Third Edition
2374,Jilin Quanyang Afforestation Project,"Jilin Forest Industry Environmental Technology Co., Ltd.","Afforestation, Reforestation and Revegetation",,Suspended,China,Asia,CCB Third Edition
2375,Jilin Sanchazi Afforestation Project,"Jilin Forest Industry Environmental Technology Co., Ltd.","Afforestation, Reforestation and Revegetation",,Verification approved,China,Asia,CCB Third Edition
2370,Zhangye City Afforestation Project in Gansu Province,Zhangye Academy of Forestry Sciences,"Afforestation, Reforestation and Revegetation",,Verification approved,China,Asia,CCB Third Edition
2356,REDD+ CONSERVATION OF ETHNO SUSTAINABLE AFRO-COLOMBIAN COMMUNITY IN THE TROPICAL RAIN FOREST OF COLOMBIA,WeAct Pty Ltd.,Reduced Emissions from Deforestation and Degradation,,Under validation and verification,Colombia,Latin America,CCB Third Edition
2345,Green Gold Loreto 1,Green Gold Forestry Peru SA,Improved Forest Management,Climate Gold; Community Gold; Biodiversity Gold,Validation approved,Peru,Latin America,CCB Third Edition
2343,Zhanjiang Mangrove Afforestation Project,"Third Institute of Oceanography, Ministry of Natural Resources","Afforestation, Reforestation and Revegetation",Biodiversity Gold,Verification approved,China,Asia,CCB Third Edition
2338,"TIST Program in Kenya, VCS-CCB 010",Clean Air Action Corporation,"Afforestation, Reforestation and Revegetation",Climate Gold; Community Gold; Biodiversity Gold,Verification approved,Kenya,Africa,CCB Third Edition
2339,"TIST Program in Uganda, VCS-CCB 010",Clean Air Action Corporation,"Afforestation, Reforestation and Revegetation",Climate Gold; Community Gold; Biodiversity Gold,Verification approved,Uganda,Africa,CCB Third Edition
2330,Protection of mangroves and community developmental activities in the biodiversity hotspot of Colombia,WeAct Pty Ltd.,Reduced Emissions from Deforestation and Degradation,,Under validation and verification,Colombia,Latin America,CCB Third Edition
2328,Katingan Peatland  Restoration and Conservation Project,PT. Rimba Makmur Utama (PT. RMU),Reduced Emissions from Deforestation and Degradation,Gold,Project withdrawn,Indonesia,Asia,CCB Third Edition
2321,Ola Hou – Restoring Hawaii’s Native Forests,State of Hawaii Department of Land and Natural Resources Division of Forestry and Wildlife,"Afforestation, Reforestation and Revegetation",Biodiversity Gold,Under validation,United States,North America,CCB Third Edition
2320,National REDD+ Project in the Democratic Republic of Congo,Kanaka Management Services Pvt. Ltd,Reduced Emissions from Deforestation and Degradation,Climate Gold; Community Gold; Biodiversity Gold,Rejected by Administrator,"Congo, The Democratic Republic of The",Africa,CCB Third Edition
2310,Anhuang Afforestation Project,"Guizhou Xinzhanxin Agricultural Technology Co., Ltd.","Afforestation, Reforestation and Revegetation",,Project withdrawn,China,Asia,CCB Third Edition
2305,Zhangjiakou Yuxian Afforestation Project in Hebei Province,"Zhangjiakou Sailin Landscaping Co., Ltd.","Afforestation, Reforestation and Revegetation",,Validation public comment period expired,China,Asia,CCB Third Edition
2301,Zhangjiakou Chongli Afforestation Project in Hebei Province,"Zhangjiakou Sailin Landscaping Co., Ltd.","Afforestation, Reforestation and Revegetation",Gold,Validation public comment period expired,China,Asia,CCB Third Edition
2297,REDD+ Project Pueblos indígenas resguardando la selva,Multiple Proponents,Reduced Emissions from Deforestation and Degradation,Community Gold; Biodiversity Gold,Under validation and verification,Colombia,Latin America,CCB Third Edition
2293,NIHT Topaiyo REDD +,NIHT Inc.,Reduced Emissions from Deforestation and Degradation,,Validation public comment period expired,Papua New Guinea,Oceania,CCB Third Edition
2290,BLUE CARBON PROJECT GULF OF MORROSQUILLO “VIDA MANGLAR”,Conservation International Foundation,Reduced Emissions from Deforestation and Degradation,Community Gold; Biodiversity Gold,Verification approved,Colombia,Latin America,CCB Third Edition
2278,The Jaguar Amazon REDD+ Project,Multiple Proponents,Reduced Emissions from Deforestation and Degradation,Biodiversity Gold,Verification approval requested ,Peru,Latin America,CCB Third Edition
2252,Rio Anapu-Pacaja REDD Project,Brazil AgFor LLC,Reduced Emissions from Deforestation and Degradation,,On Hold - see notification letter,Brazil,Latin America,CCB First Edition
2087,Chudu Afforestation Project,"Xichuan Rongda Agriculture and Forestry Co., Ltd","Afforestation, Reforestation and Revegetation",,Verification approval requested ,China,Asia,CCB Third Edition
2083,Liangdu Afforestation Project,"Guizhou Xinzhanxin Agricultural Technology Co., Ltd.","Afforestation, Reforestation and Revegetation",,Verification public comment period expired,China,Asia,CCB Third Edition
2084,"CONSERVATION PROJECT REDD+ SUR DEL META BOSQUES DE PAZ, SUSTENTO DE VIDA",ALLCOT AG,Reduced Emissions from Deforestation and Degradation,,Validation public comment period expired,Colombia,Latin America,CCB Third Edition
2250,Delta Blue Carbon – 1,Multiple Proponents,"Afforestation, Reforestation and Revegetation",Climate Gold; Community Gold; Biodiversity Gold,Verification approved,Pakistan,Asia,CCB Third Edition
2082,Qianbei Afforestation Project,"Guizhou Xinzhanxin Agricultural Technology Co., Ltd.","Afforestation, Reforestation and Revegetation",,Project withdrawn,China,Asia,CCB Third Edition
2249,HENAN FANGCHENG AND TANGHE AFFORESTATION PROJECT,"Beijing Qianyuhui Environmental Technology Co., Ltd.","Afforestation, Reforestation and Revegetation",,Under validation and verification,China,Asia,CCB Third Edition
2070,Guinan Afforestation Project,"Guizhou Baiheng Fertiliser Co., Ltd","Afforestation, Reforestation and Revegetation",,Verification public comment period expired,China,Asia,CCB Third Edition
1969,Carbono Verde AR Project,Amazon Reforestation Consortium.,"Afforestation, Reforestation and Revegetation",Silver,Verification public comment period expired,Brazil,Latin America,CCB Third Edition
1953,Floresta Verde REDD+ Project,Floresta Verde Serviços Ltda.,Reduced Emissions from Deforestation and Degradation,Climate Gold,Verification public comment period expired,Brazil,Latin America,CCB Third Edition
1935,Hubei Hongshan IFM (Conversion of Logged to Protected Forest) Project,"Zhejiang Zhongzheng Forestry Development Co.,Ltd",Improved Forest Management,,Under Verification,China,Asia,CCB Third Edition
1900,Makame Savannah REDD,Carbon Tanzania,Reduced Emissions from Deforestation and Degradation,Climate Gold; Community Gold; Biodiversity Gold,Verification approved,Tanzania,Africa,CCB Third Edition
1899,Sumatra Merang Peatland Project (SMPP),Multiple Proponents,Wetland Rewetting and Conservation,Climate Gold; Biodiversity Gold,Under Verification,Indonesia,Asia,CCB Third Edition
1897,Ntakata Mountains REDD,Carbon Tanzania,Reduced Emissions from Deforestation and Degradation,Climate Gold; Community Gold; Biodiversity Gold,Under validation and verification,Tanzania,Africa,CCB Third Edition
1895,Jilin Linjiang Afforestation Project,"Jilin Forest Industry Environmental Technology Co., Ltd.","Afforestation, Reforestation and Revegetation",,Verification approval requested ,China,Asia,CCB Third Edition
1896,Hunan Northern and Northwestern Area Afforestation Project,"Jilin Forest Industry Environmental Technology Co., Ltd.","Afforestation, Reforestation and Revegetation",Gold,Verification public comment period expired,China,Asia,CCB Third Edition
1882,REDD+ PROJECT IN THE ALTO HUAYABAMBA CONSERVATION CONCESSION (CCAH),Asociacion Amazonicos por la Amazonía,Reduced Emissions from Deforestation and Degradation,Community Gold; Biodiversity Gold,Under Verification,Peru,Latin America,CCB Second Edition
1866,XinJiang Makit County Afforestation Carbon Sequestration Project,"Makit Base Junlian Cotton Industry Co., Ltd.","Afforestation, Reforestation and Revegetation",Gold,Verification approved,China,Asia,CCB Third Edition
1864,Puzhen Afforestation Project in Guizhou Province,"Guizhou Baiheng Fertiliser Co., Ltd","Afforestation, Reforestation and Revegetation",Gold,Verification approval request denied,China,Asia,CCB Third Edition
1865,Xiguan Afforestation Project in Guizhou Province,"Guizhou Baiheng Fertiliser Co., Ltd","Afforestation, Reforestation and Revegetation",,Verification approval request denied,China,Asia,CCB Third Edition
1855,Hechu Afforestation Project in Anhui Province,"Hefei Zhuoya Landscaping Engineering Co., Ltd.","Afforestation, Reforestation and Revegetation",,Verification public comment period expired,China,Asia,CCB Third Edition
1848,"Korea - Myanmar Joint - Bago Region REDD+ Program, with North Zamari Wildlife Sanctuary",Multiple Proponents,Reduced Emissions from Deforestation and Degradation,,Under validation,Myanmar,Asia,CCB Third Edition
1847,Qianxinan Afforestation Project in Guizhou Province,"Guizhou Baiheng Fertiliser Co., Ltd","Afforestation, Reforestation and Revegetation",,Verification approval request denied,China,Asia,CCB Third Edition
1832,Haidong Afforestation Project,"Qinghai Forestry Ecological Construction and Investment Co., Ltd.","Afforestation, Reforestation and Revegetation",Gold,Verification public comment period expired,China,Asia,CCB Third Edition
1825,Afforestation Project in Xining City,"Qinghai Forestry Ecological Construction and Investment Co., Ltd.","Afforestation, Reforestation and Revegetation",Gold,Verification public comment period expired,China,Asia,CCB Third Edition
1826,Qinghai Afforestation Project,"Qinghai Forestry Ecological Construction and Investment Co., Ltd.","Afforestation, Reforestation and Revegetation",Gold,Verification public comment period expired,China,Asia,CCB Third Edition
1821,Conservación de los Ecosistemas y el Almacén de Carbono Región de Transición Guayano Amazónica 'Flor de Inírida',Ciprogress Greenlife,Reduced Emissions from Deforestation and Degradation,,Project withdrawn,Colombia,Latin America,CCB Third Edition
1811,Jari/Pará REDD+ Project,Multiple Proponents,Reduced Emissions from Deforestation and Degradation,Climate Gold; Biodiversity Gold,On Hold - see notification letter,Brazil,Latin America,CCB Third Edition
1806,Riscales REDD+ Project,Consejo Comunitario General Los Riscales.,Reduced Emissions from Deforestation and Degradation,,Validation public comment period expired,Colombia,Latin America,CCB Third Edition
1799,"Forest Management to mitigate climate change in the native community of Bélgica, Madre de Dios Region – Peru",Multiple Proponents,Reduced Emissions from Deforestation and Degradation,Climate Gold; Community Gold; Biodiversity Gold,Verification approval requested ,Peru,Latin America,CCB Third Edition
1785,PROJECT REDD+ OF THE ALTO HUAYABAMBA CONSERVATION CONCESSION – CCAH,Asociación Amazónicos por la Amazonía – AMPA,Reduced Emissions from Deforestation and Degradation,Community Gold; Biodiversity Gold,Project withdrawn,Peru,Latin America,CCB Second Edition
1775,Luangwa Community Forests Project,Multiple Proponents,Reduced Emissions from Deforestation and Degradation,Climate Gold; Community Gold; Biodiversity Gold,Verification approved,Zambia,Africa,CCB Third Edition
1769,"Grouped Project for restoration of degraded lands in Jaguar Corridors, Colombia",Multiple Proponents,"Afforestation, Reforestation and Revegetation",Biodiversity Gold,Verification approved,Colombia,Latin America,CCB Third Edition
1765,Grouped Project for reducing emissions from deforestation and forest degradation-REDD-in the Regional Natural Park:Biological Corridor PNN Purace-PNN Cueva de los Guacharos,Corporación Autónoma Regional del Río Grande de la Magdalena (CORMAGDALENA),Reduced Emissions from Deforestation and Degradation,Climate Gold; Community Gold; Biodiversity Gold,Under Verification,Colombia,Latin America,CCB Third Edition
1748,Southern Cardamom REDD+ Project,"Royal Government of Cambodia (RGC), Ministry of Environment",Reduced Emissions from Deforestation and Degradation,Climate Gold; Biodiversity Gold,Verification public comment period requested ,Cambodia,Asia,CCB Third Edition
1743,Beampingaratsy REDD Project,BNC REDD+,Reduced Emissions from Deforestation and Degradation,Biodiversity Gold,Validation public comment period expired,Madagascar,Africa,CCB Third Edition
1695,PAYMENT FOR ENVIRONMENTAL SERVICES SCHEME FOR FOREST MANAGEMENT AND CONSERVATION OF WATER SOURCES IN THE JURISDICTION OF CORPOCHIVOR,Local Environmental Authority of Chivor (CORPOCHIVOR– Corporación Autónoma Regional de Chivor),Reduced Emissions from Deforestation and Degradation,,Verification approved,Colombia,Latin America,CCB Third Edition
1689,Tumring REDD+ Project,"The Royal Government of Cambodia, Forestry Administration",Reduced Emissions from Deforestation and Degradation,,Verification approved,Cambodia,Asia,CCB Third Edition
960,Lumin/Eucapine Uruguay Forest Plantations on degraded grasslands under extensive grazing,EUCAPINE S.R.L,"Afforestation, Reforestation and Revegetation",,Verification approved,Uruguay,Latin America,CCB Third Edition
1663,Fazenda Sao Paulo Afforestation,MARONESE SERVICOS AGRICOLAS E LOCACAO LTDA,"Afforestation, Reforestation and Revegetation",Climate Gold,Verification expired,Brazil,Latin America,CCB Third Edition
1653,Carbono Nascentes do Xingu,Instituto Socioambiental,"Afforestation, Reforestation and Revegetation",,Verification approved,Brazil,Latin America,CCB Third Edition
1654,Fortaleza Ituxi REDD Project,Fazenda Nossa Senhora das Cachoeiras do Ituxi,Reduced Emissions from Deforestation and Degradation,Biodiversity Gold,On Hold - see notification letter,Brazil,Latin America,CCB Third Edition
1655,Guapiaçu Grande Vida,Reserva Ecológica de Guapiaçu – REGUA,"Afforestation, Reforestation and Revegetation",,Validation expired,Brazil,Latin America,CCB Third Edition
1657,"Grouped Project REDD+ conservation of the Oak ecological corridor Guantiva – La Rusia – Iguaque, Colombia",Fundación Natura,Reduced Emissions from Deforestation and Degradation,,Validation public comment period expired,Colombia,Latin America,CCB First Edition
1649,"Restoration of Giant Panda Habitat in Southwest Sichuan, China",Administration of Sichuan Mamize Nature Reserve,"Afforestation, Reforestation and Revegetation",Climate Gold,Validation expired,China,Asia,CCB Third Edition
1650,Reduced Emissions from Deforestation and Degradation in Keo Seima Wildlife Sanctuary,"Royal Government of Cambodia (RGC), Ministry of Environment",Reduced Emissions from Deforestation and Degradation,Biodiversity Gold,Verification approved,Cambodia,Asia,CCB Third Edition
1646,Kachung Forest Project: Afforestation on Degraded Lands,Lango Forest Company,"Afforestation, Reforestation and Revegetation",,Validation expired,Uganda,Africa,CCB Second Edition
1647,Panama Canal Authority Sustainable Forest Cover Establishment Project,Panama Canal Authority,"Afforestation, Reforestation and Revegetation",Biodiversity Gold,Validation expired,Panama,Latin America,CCB Second Edition
1648,Carbon Sequestration in Communities of Extreme Poverty in the Sierra Gorda of Mexico,Sierra Gorda Alliance for Conservation,"Afforestation, Reforestation and Revegetation",Climate Gold; Community Gold; Biodiversity Gold,Validation expired,Mexico,Latin America,CCB Second Edition
1642,The Juruá and Carauari REDD Project,Carbono Socioambiental,Reduced Emissions from Deforestation and Degradation,,Project withdrawn,Brazil,Latin America,CCB First Edition
1639,Rewetting of Tropical Peat Swamp Forest in Sebangau National Park,Sebangau National Park Office,Wetland Rewetting and Conservation,Biodiversity Gold,Validation expired,Indonesia,Asia,CCB Second Edition
1640,Niger Acacia Senegal Plantation Project*,Achats Service International,"Afforestation, Reforestation and Revegetation",,Project withdrawn,Niger,Africa,CCB Second Edition
1641,"Forest Carbon Project in Quirino Province, Sierra Madre Biodiversity Corridor, Luzon, Philippines",Conservation International Foundation,"Afforestation, Reforestation and Revegetation",Biodiversity Gold,Verification expired,Philippines,Asia,CCB Third Edition
1634,Philippines Penablanca Sustainable Reforestation Project,Conservation International Foundation,"Afforestation, Reforestation and Revegetation",Biodiversity Gold,Validation expired,Philippines,Asia,CCB Second Edition
1635,Grand Cote and Lake Ophelia National Wildlife Refuges Restoration Initiative,The Conservation Fund,"Afforestation, Reforestation and Revegetation",Biodiversity Gold,Verification expired,United States,North America,CCB Second Edition
1636,Restoring a Forest Legacy at Upper Ouachita National Wildlife Refuge,The Conservation Fund,"Afforestation, Reforestation and Revegetation",Biodiversity Gold,Verification expired,United States,North America,CCB Second Edition
1637,Northern Ontario Forestry Offset Pilot Project,"Global CO2 Reduction, Inc.","Afforestation, Reforestation and Revegetation",,Validation expired,Canada,North America,CCB Second Edition
1638,Sofala Community Carbon Project,Envirotrade,"Afforestation, Reforestation and Revegetation",Climate Gold; Community Gold; Biodiversity Gold,Validation expired,Mozambique,Africa,CCB Second Edition
1629,Buffelsdraai Landfill Community Reforestation Project,Wildlands Conservation Trust,"Afforestation, Reforestation and Revegetation",Climate Gold; Community Gold,Validation expired,South Africa,Africa,CCB Second Edition
1630,"Watershed Restoration in the Cantareira Water System: Carbon, Community and Biodiversity Initiative",The Nature Conservancy,"Afforestation, Reforestation and Revegetation",,Validation expired,Brazil,Latin America,CCB Second Edition
1631,Sustainable Agriculture in a Changing Climate,CARE International,"Afforestation, Reforestation and Revegetation",Community Gold,Validation expired,Kenya,Africa,CCB Second Edition
1632,"Afforestation of Degraded Shengle Ecological Zone in Helinge'er of Inner Mongolia, China",The Nature Conservancy,"Afforestation, Reforestation and Revegetation",Climate Gold,Validation expired,China,Asia,CCB Second Edition
1633,Reducing Carbon Emissions by Protecting a Native Forest in Tasmania,REDD Forests,Reduced Emissions from Deforestation and Degradation,,Validation expired,Australia,Oceania,CCB Second Edition
899,"TIST Program in Kenya, VCS 006",Clean Air Action Corporation,"Afforestation, Reforestation and Revegetation",Climate Gold; Community Gold; Biodiversity Gold,Verification approval requested ,Kenya,Africa,CCB Second Edition
824,"TIST Program in Uganda, VCS 001",Clean Air Action Corporation,"Afforestation, Reforestation and Revegetation",Community Gold,Verification approved,Uganda,Africa,CCB Second Edition
825,"TIST Program in Uganda, VCS 002",Clean Air Action Corporation,"Afforestation, Reforestation and Revegetation",Community Gold,Verification approved,Uganda,Africa,CCB Second Edition
826,"TIST Program in Uganda, VCS 004",Clean Air Action Corporation,"Afforestation, Reforestation and Revegetation",Community Gold,Verification approved,Uganda,Africa,CCB Second Edition
827,"TIST Program in Uganda, VCS 003",Clean Air Action Corporation,"Afforestation, Reforestation and Revegetation",Community Gold,Verification approved,Uganda,Africa,CCB Second Edition
993,"TIST Program in Uganda, VCS 005",Clean Air Action Corporation,"Afforestation, Reforestation and Revegetation",Community Gold,Verification approved,Uganda,Africa,CCB Second Edition
994,"TIST Program in India, VCS 001",Clean Air Action Corporation,"Afforestation, Reforestation and Revegetation",Climate Gold; Community Gold; Biodiversity Gold,Under Verification,India,Asia,CCB Third Edition
995,"TIST Program in Uganda, VCS 006",Clean Air Action Corporation,"Afforestation, Reforestation and Revegetation",Community Gold,Verification approved,Uganda,Africa,CCB Second Edition
1015,"Community-based reforestation project on degraded lands in Uttar Pradesh, India by Indian Farm Forestry Development Co-operative Limited",Indian Farm Forestry Development Co-operative Limited,"Afforestation, Reforestation and Revegetation",,Project withdrawn,India,Asia,CCB First Edition
1080,Reforestation with Native Species in the Pachijal and Mira River Watersheds for Carbon Retention,Multiple Proponents,"Afforestation, Reforestation and Revegetation",Biodiversity Gold,Validation expired,Ecuador,Latin America,CCB Second Edition
1147,Amazon Rio IFM,Empresa Brasileira de Conservacao de Florestas (EBCF),Improved Forest Management,Community Gold; Biodiversity Gold,Under validation and verification,Brazil,Latin America,CCB Third Edition
1332,"Reforestation Project in Yingjing County, Sichuan Province",Multiple Proponents,"Afforestation, Reforestation and Revegetation",,Verification expired,China,Asia,CCB Second Edition
1625,"Afforestation/Reforestation on Degraded Lands in Southwest Sichuan, China",Daduhe Forestation Bureau,"Afforestation, Reforestation and Revegetation",Climate Gold,Validation expired,China,Asia,CCB Second Edition
1626,Sodo Community Managed Reforestation (Forest Generation) Project,World Vision,"Afforestation, Reforestation and Revegetation",,Validation expired,Ethiopia,Africa,CCB Second Edition
1627,Abote Community-Managed Reforestation Project,World Vision,"Afforestation, Reforestation and Revegetation",,Project withdrawn,Ethiopia,Africa,CCB Second Edition
1628,The Nakauvadra Community-Based Reforestation Project,Conservation International Foundation,"Afforestation, Reforestation and Revegetation",Biodiversity Gold,Validation expired,Fiji,Oceania,CCB Second Edition
1622,REDD+ Project for Caribbean Guatemala: The Conservation Coast,Fundacion para el Ecodesarrollo y la Conservacion [FUNDAECO],Reduced Emissions from Deforestation and Degradation,Biodiversity Gold,Verification approved,Guatemala,Latin America,CCB Third Edition
1621,Forest Again Kakamega Forest,Eco2librium LLC,"Afforestation, Reforestation and Revegetation",Climate Gold; Community Gold,Validation expired,Kenya,Africa,CCB Second Edition
689,"Reforestation of degraded land in Chhattisgarh, India",Prakash Industries Limited,"Afforestation, Reforestation and Revegetation",,Validation expired,India,Asia,CCB First Edition
737,"TIST Program in Kenya, VCS 005",Clean Air Action Corporation,"Afforestation, Reforestation and Revegetation",Climate Gold; Community Gold; Biodiversity Gold,Verification approval requested ,Kenya,Africa,CCB Third Edition
658,"Reforestation of pastures in Campo Verde with native species, Pucallpa, Peru",Bosques Amazónicos,"Afforestation, Reforestation and Revegetation",,Validation expired,Peru,Latin America,CCB First Edition
1616,Kamula Doso Improved Forest Management Carbon Project,Tumu Timber Development Limited,Improved Forest Management,,Project withdrawn,Papua New Guinea,Oceania,CCB Second Edition
1617,Niassa Forest Project,Green Resources Tanzania Ltd (GRL),"Afforestation, Reforestation and Revegetation",,Validation expired,Mozambique,Africa,CCB Second Edition
1618,CO2OL Native Tree Species Reforestation,Forest Finance Service GmbH,"Afforestation, Reforestation and Revegetation",,Project withdrawn,Panama,Latin America,CCB Second Edition
1619,CO2OL Tropical Mix Reforestation Project,Forest Finance Service GmbH,"Afforestation, Reforestation and Revegetation",,Validation expired,Panama,Latin America,CCB Second Edition
1620,Restoring a Forest Legacy at Mingo National Wildlife Refuge,The Conservation Fund,"Afforestation, Reforestation and Revegetation",Biodiversity Gold,Verification approved,United States,North America,CCB Second Edition
1611,Indian Farm Forestry Development Co-operative Limited (IFFDC) Wasteland Forestation Project,Indian Farm Forestry Development Co-operative Limited,"Afforestation, Reforestation and Revegetation",,Project withdrawn,India,Asia,CCB First Edition
1612,"Addo Elephant National Park, Baviaanskloof Nature Reserve and Great Fish River Nature Reserve Restoration Project (ABFRP)",Gamtoos Irrigation Board,"Afforestation, Reforestation and Revegetation",,Verification expired,South Africa,Africa,CCB Second Edition
1613,Bikin Tiger Carbon Project,Tribal Commune Tiger (TCT),Improved Forest Management,Biodiversity Gold,Validation expired,Russian Federation,Asia,CCB Second Edition
1614,Denman Island Avoided Conversion of Forestlands Project,Ecosystem Restoration Associates (ERA),Reduced Emissions from Deforestation and Degradation,,Validation expired,Canada,North America,CCB Second Edition
1615,Empresas Publicas de Medellin REDD+ Project,Empresas Publicas de Medellin E.S.P. (EPM),"Afforestation, Reforestation and Revegetation",Biodiversity Gold,Validation expired,Colombia,Latin America,CCB Second Edition
1605,Aberdare Range/Mt. Kenya Small Scale Reforestation Initiative,The Green Belt Movement,"Afforestation, Reforestation and Revegetation",,Project withdrawn,Kenya,Africa,CCB First Edition
1606,"Multiple Reforestation on Degraded Lands in Maanshan Nature Reserve, Sichuan",Shanshui Conservation Centre,"Afforestation, Reforestation and Revegetation",,Project withdrawn,China,Asia,CCB First Edition
1607,Multiple-purposes Reforestation on Degraded Lands in Longyang,Conservation International Foundation,"Afforestation, Reforestation and Revegetation",,Project withdrawn,China,Asia,CCB First Edition
1608,Reforestation on degraded lands in Northwest Guangxi,Xinghuan Forestry Development Company Ltd.,"Afforestation, Reforestation and Revegetation",Gold,Validation expired,China,Asia,CCB First Edition
1609,Humbo Ethiopia Assisted Natural Regeneration Project,World Vision,"Afforestation, Reforestation and Revegetation",Gold,Validation expired,Ethiopia,Africa,CCB First Edition
1610,"Reforestation in grassland areas of Idete, Mufindi District, Iringa Region, Tanzania",Green Resources Tanzania Ltd (GRL),"Afforestation, Reforestation and Revegetation",Silver,Validation expired,Tanzania,Africa,CCB First Edition
1596,"The Juma Sustainable Development Reserve Project: Reducing Greenhouse Gas Emissions from Deforestation and Forest Degradation plus forest management in the State of Amazonas, Brazil",Fundação Amazonas Sustentável - FAS,Reduced Emissions from Deforestation and Degradation,Gold,Validation expired,Brazil,Latin America,CCB First Edition
1597,Project Climate Apley,Project Climate Pty Ltd,Reduced Emissions from Deforestation and Degradation,Gold,Project withdrawn,United Kingdom,Europe,CCB First Edition
1598,Reducing carbon emissions from deforestation in the Ulu Masen Ecosystem,Provincial Government of Nanggroe Aceh Darussalam,Reduced Emissions from Deforestation and Degradation,Silver,Validation expired,Indonesia,Asia,CCB First Edition
1599,Kikonda Forest Reserve Reforestation Project,Global-Woods AG,"Afforestation, Reforestation and Revegetation",Silver,Validation expired,Uganda,Africa,CCB First Edition
1600,The Monte Pascoal-Pau Brasil Ecological Corridor,The Nature Conservancy,"Afforestation, Reforestation and Revegetation",Gold,Validation expired,Brazil,Latin America,CCB First Edition
1601,Avoided Deforestation Through the Payment of Environmental Services in Rainforests Located on Private Lands in the Conservation Area of the Central Volcanic Mountain Range of Costa Rica,Pax Natura Foundation,Reduced Emissions from Deforestation and Degradation,Gold,Validation expired,Costa Rica,Latin America,CCB First Edition
1602,The Community Ecosystem Restoration Project,Ecosystem Restoration Associates (ERA),"Afforestation, Reforestation and Revegetation",Gold,Validation expired,Canada,North America,CCB First Edition
1603,"Afforestation and reforestation on degraded lands in northwest Sichuan, China",Conservation International Foundation,"Afforestation, Reforestation and Revegetation",Gold,Validation expired,China,Asia,CCB Second Edition
1604,Avoided Deforestation in the Coffee Forest in El Salvador,Banco Multisectorial de Inversones,Reduced Emissions from Deforestation and Degradation,,Validation expired,El Salvador,Latin America,CCB First Edition
665,"Multi-Species Reforestation in Mato Grosso, Brazil",Multiple Proponents,"Afforestation, Reforestation and Revegetation",Silver,Project withdrawn,Brazil,Latin America,CCB Second Edition
738,"Carbon Project in the Emas-Taquari Biodiversity Corridor, Goiás and Mato Grosso do Sul, Brazil",Multiple Proponents,"Afforestation, Reforestation and Revegetation",Biodiversity Gold,Verification approved,Brazil,Latin America,CCB Third Edition
812,Bull Run Overseas Forest Carbon Project,Bull Run Overseas Ltd.,Reduced Emissions from Deforestation and Degradation,Biodiversity Gold,Validation expired,Belize,Latin America,CCB Second Edition
838,Tensas River Basin Project,The Nature Conservancy,"Afforestation, Reforestation and Revegetation",,Validation expired,United States,North America,CCB First Edition
904,"Reduced Emissions from Deforestation and Degradation in Community Forests – Oddar Meanchey, Cambodia",Royal Government of Cambodia-Forestry Admin,Reduced Emissions from Deforestation and Degradation,Climate Gold; Community Gold; Biodiversity Gold,Verification expired,Cambodia,Asia,CCB Second Edition
607,Darkwoods Forest Carbon Project,Nature Conservancy of Canada,Improved Forest Management,Biodiversity Gold,Under Verification,Canada,North America,CCB Second Edition
856,The Chocó-Darién Conservation Corridor REDD Project,Anthrotect S.A.S.,Reduced Emissions from Deforestation and Degradation,Biodiversity Gold,Verification approved,Colombia,Latin America,CCB Second Edition
1343,Kuzuko Lodge Private Game Reserve thicket restoration project,Spekboom Trading (Pty) Ltd,"Afforestation, Reforestation and Revegetation",Biodiversity Gold,Under validation,South Africa,Africa,CCB Second Edition
1285,New Leaf Carbon Project,Tasmanian Land Conservancy,Improved Forest Management,Biodiversity Gold,Verification expired,Australia,Oceania,CCB Second Edition
1113,The Valparaiso Project,Multiple Proponents,Reduced Emissions from Deforestation and Degradation,Community Gold,Verification approved,Brazil,Latin America,CCB Second Edition
1118,Suruí Forest Carbon Project,Metareilá Association of the Suruí Indigenous P'pl,Reduced Emissions from Deforestation and Degradation,Biodiversity Gold,Validation expired,Brazil,Latin America,CCB Second Edition
1085,EcoPlanet Bamboo Central America - Reforestation Project,"EcoPlanet Bamboo Group, LLC","Afforestation, Reforestation and Revegetation",Biodiversity Gold,Validation expired,Nicaragua,Latin America,CCB Second Edition
1593,Ducks Unlimited Avoided Grassland Conversion Project in the Prairie Pothole Region,Ducks Unlimited,Reduced Emissions from Deforestation and Degradation,Gold,Verification expired,United States,North America,CCB First Edition
1594,Restoring a Legacy at Red River National Wildlife Refuge,Multiple Proponents,"Afforestation, Reforestation and Revegetation",Gold,Verification public comment period expired,United States,North America,CCB First Edition
1595,Restoring a Forest Legacy at Marais des Cygnes National Wildlife Refuge,The Conservation Fund,"Afforestation, Reforestation and Revegetation",Gold,Verification public comment period expired,United States,North America,CCB First Edition
1588,"Genesis Forest Project: Reducing Greenhouse Gas Emissions from Deforestation and Degradation in Tocantins State, Brazil",Ecologica Institute,Reduced Emissions from Deforestation and Degradation,,Project withdrawn,Brazil,Latin America,CCB First Edition
1589,"Genesis Forest Project: Reforestation of Brazilian Savannah with Native Species in the State of Tocantins, Brazil",Ecologica Institute,"Afforestation, Reforestation and Revegetation",,Project withdrawn,Brazil,Latin America,CCB First Edition
1590,Small-scale Reforestation for Landscape Restoration,The Nature Conservancy,"Afforestation, Reforestation and Revegetation",,Validation expired,China,Asia,CCB First Edition
1591,Panama Native Species Reforestation,CO2OL,"Afforestation, Reforestation and Revegetation",Gold,Validation expired,Panama,Latin America,CCB First Edition
1592,"Return to Forest, Nicaragua",Paso Pacifico,"Afforestation, Reforestation and Revegetation",Gold,Validation expired,Nicaragua,Latin America,CCB First Edition
1586,"Bagepalli CDM Reforestation Project, Karnataka",Agricultural Development & Training Society (ADATS),"Afforestation, Reforestation and Revegetation",,Project withdrawn,India,Asia,CCB First Edition
1112,The Russas Project,Multiple Proponents,Reduced Emissions from Deforestation and Degradation,Community Gold,Verification approved,Brazil,Latin America,CCB Second Edition
514,Promoting Sustainable Development through Natural Rubber Tree Plantations in Guatemala,Negocios Energeticos de Occidente S.A.,"Afforestation, Reforestation and Revegetation",,Under validation and verification,Guatemala,Latin America,CCB Second Edition
962,Forteko afforestation on degraded grasslands under extensive grazing,Multiple Proponents,"Afforestation, Reforestation and Revegetation",,Verification approved,Uruguay,Latin America,CCB Third Edition
1581,The Australian Wet Tropics Region Biocarbon Sequestration Project Based on Regional Natural Resource Management,Degree Celcius,Reduced Emissions from Deforestation and Degradation,,Project withdrawn,Australia,Oceania,CCB First Edition
1168,"Kulera Landscape REDD+ Program for Co-Managed Protected Areas, Malawi",Multiple Proponents,Reduced Emissions from Deforestation and Degradation,Climate Gold; Community Gold; Biodiversity Gold,Verification approved,Malawi,Africa,CCB Second Edition
562,The Kasigau Corridor REDD Project – Phase I Rukinga Sanctuary,Wildlife Works Carbon LLC,Reduced Emissions from Deforestation and Degradation,Climate Gold; Biodiversity Gold,Verification approved,Kenya,Africa,CCB Second Edition
1395,Bajo Calima y Bahía Málaga (BCBM) REDD+ Project,Multiple Proponents,Reduced Emissions from Deforestation and Degradation,Community Gold,Verification approved,Colombia,Latin America,CCB Third Edition
958,BIOCORREDOR MARTIN SAGRADO REDD+ PROJECT,Pur Projet,Reduced Emissions from Deforestation and Degradation,Climate Gold; Community Gold; Biodiversity Gold,Verification approved,Peru,Latin America,CCB Second Edition
1571,Manoa REDD+ Project,Multiple Proponents,Reduced Emissions from Deforestation and Degradation,,Validation expired,Brazil,Latin America,CCB Third Edition
977,RMDLT Portel - Para REDD Project,RMDLT Property Group Ltd.,Reduced Emissions from Deforestation and Degradation,Climate Gold; Biodiversity Gold,On Hold - see notification letter,Brazil,Latin America,CCB Third Edition
1218,"Evio Kuiñaji Ese´Eja Cuana, To Mitigate Climate Change, Madre de Dios - Perú",Multiple Proponents,Reduced Emissions from Deforestation and Degradation,Climate Gold; Biodiversity Gold,Verification approval requested ,Peru,Latin America,CCB Second Edition
1122,April Salumei REDD Project,Rainforest Project Management Limited.,Reduced Emissions from Deforestation and Degradation,Biodiversity Gold,Validation expired,Papua New Guinea,Oceania,CCB Second Edition
576,"Restoration of degraded areas and reforestation in Cáceres and Cravo Norte, Colombia",Asorpar Ltd.,"Afforestation, Reforestation and Revegetation",,Verification expired,Colombia,Latin America,CCB Second Edition
1566,REDD+ Project Resguardo Indigena Unificado Selva de Mataven (RIU SM),Multiple Proponents,Reduced Emissions from Deforestation and Degradation,Climate Gold; Community Gold,Under Verification,Colombia,Latin America,CCB Third Edition
934,The Mai Ndombe REDD+ Project,Wildlife Works Carbon LLC,Reduced Emissions from Deforestation and Degradation,Climate Gold; Biodiversity Gold,Under Verification,"Congo, The Democratic Republic of The",Africa,CCB Second Edition
1390,Carmen del Darién (CDD) REDD+ Project,Multiple Proponents,Reduced Emissions from Deforestation and Degradation,Community Gold,Verification approval requested ,Colombia,Latin America,CCB Third Edition
142,"Reforestation of degraded grasslands in Uchindile & Mapanda, Tanzania",Green Resources Tanzania Ltd (GRL),"Afforestation, Reforestation and Revegetation",,Verification expired,Tanzania,Africa,CCB Second Edition
1396,Rio Pepe y ACABA REDD+ Project,Multiple Proponents,Reduced Emissions from Deforestation and Degradation,Community Gold,Verification approved,Colombia,Latin America,CCB First Edition
1408,Chyulu Hills REDD+ Project,Chyulu Hills Conservation Trust,Reduced Emissions from Deforestation and Degradation,Climate Gold; Community Gold; Biodiversity Gold,Verification approved,Kenya,Africa,CCB Second Edition
1400,Concosta REDD+ Project,Concosta Community Council,Reduced Emissions from Deforestation and Degradation,Community Gold,Verification approval requested ,Colombia,Latin America,CCB Third Edition
1391,SIVIRÚ-USARAGÁ-PIZARRO-PILIZÁ (SUPP) REDD+ Project,Multiple Proponents,Reduced Emissions from Deforestation and Degradation,Community Gold,Verification approval requested ,Colombia,Latin America,CCB Third Edition
1389,Acapa -­ Bajo Mira Y Frontera REDD+ Project,Multiple Proponents,Reduced Emissions from Deforestation and Degradation,Community Gold,Verification approved,Colombia,Latin America,CCB Third Edition
1392,Cajambre REDD+ Project,Consejo Comunitario de Cajambre,Reduced Emissions from Deforestation and Degradation,Community Gold,Verification approved,Colombia,Latin America,CCB Third Edition
1399,Mutatá REDD+ Project,Cabildo Mayor Indígena de Mutatá,Reduced Emissions from Deforestation and Degradation,Community Gold,Verification approval requested ,Colombia,Latin America,CCB Third Edition
868,"REDD project in Brazil nut concessions in Madre de Dios, Peru",Bosques Amazónicos,Reduced Emissions from Deforestation and Degradation,Community Gold; Biodiversity Gold,Under validation,Peru,Latin America,CCB Second Edition
844,Madre de Dios Amazon REDD+ Project,Multiple Proponents,Reduced Emissions from Deforestation and Degradation,Gold,Verification approved,Peru,Latin America,CCB First Edition
1047,"Carbon Emissions Reduction Project in the Forest Corridor Ambositra-Vondrozo (COFAV), Madagascar","Govt. of Madagascar, Direction Generale des Forets",Reduced Emissions from Deforestation and Degradation,Climate Gold; Community Gold; Biodiversity Gold,Validation expired,Madagascar,Africa,CCB Second Edition
1340,Bale Mountains Eco-region REDD+ project,Oromia Forest and Wildlife Enterprise,Reduced Emissions from Deforestation and Degradation,Climate Gold; Community Gold; Biodiversity Gold; Gold,Verification approval requested ,Ethiopia,Africa,CCB Third Edition
1133,Yacumama Forest Carbon Project,Lawrence Bishop,Reduced Emissions from Deforestation and Degradation,,Project withdrawn,Peru,Latin America,CCB Third Edition
1543,Bosques del Uruguay Afforestation through High Quality Timber in Grasslands Project,Agroempresa Forestal S.A.,"Afforestation, Reforestation and Revegetation",,Verification approved,Uruguay,Latin America,CCB Third Edition
1541,Lacandon – Forest for life REDD+ Project,Multiple Proponents,Reduced Emissions from Deforestation and Degradation,Climate Gold; Community Gold; Biodiversity Gold,Verification approved,Guatemala,Latin America,CCB Third Edition
1538,ECO2 Rubber Forests Guatemala,"Negocios Energeticos De Occidente, S.A.","Afforestation, Reforestation and Revegetation",,Verification approved,Guatemala,Latin America,CCB Third Edition
1384,Reduced Emissions from Avoided Deforestation in the Multiple Use Zone of the Maya Biosphere Reserve in Guatemala (GuateCarbon),Consejo Nacional de Áreas Protegidas (CONAP),Reduced Emissions from Deforestation and Degradation,Biodiversity Gold,Verification expired,Guatemala,Latin America,CCB Second Edition
1326,Laguna Seca Forest Carbon Project,The Nature Conservancy,Reduced Emissions from Deforestation and Degradation,Biodiversity Gold,Verification approved,Belize,Latin America,CCB Third Edition
1530,Grouped Project for Commercial Forest Plantations Initiatives in the Department of Vichada,Multiple Proponents,"Afforestation, Reforestation and Revegetation",,Verification approved,Colombia,Latin America,CCB Third Edition
1115,JARI/AMAPÁ REDD+ PROJECT,Multiple Proponents,Reduced Emissions from Deforestation and Degradation,Biodiversity Gold,Under Verification,Brazil,Latin America,CCB Third Edition
996,"TIST Program in Kenya, VCS 009",Clean Air Action Corporation,"Afforestation, Reforestation and Revegetation",Climate Gold; Community Gold; Biodiversity Gold,Verification approval requested ,Kenya,Africa,CCB Second Edition
594,"TIST Program in Kenya, VCS 001",Clean Air Action Corporation,"Afforestation, Reforestation and Revegetation",Climate Gold; Community Gold; Biodiversity Gold,Verification approved,Kenya,Africa,CCB Second Edition
595,"TIST Program in Kenya, VCS 002",Clean Air Action Corporation,"Afforestation, Reforestation and Revegetation",Climate Gold; Community Gold; Biodiversity Gold,Verification approved,Kenya,Africa,CCB Second Edition
596,"TIST Program in Kenya, VCS 003",Clean Air Action Corporation,"Afforestation, Reforestation and Revegetation",Climate Gold; Community Gold; Biodiversity Gold,Verification approved,Kenya,Africa,CCB Second Edition
597,"TIST Program in Kenya, VCS 004",Clean Air Action Corporation,"Afforestation, Reforestation and Revegetation",Climate Gold; Community Gold; Biodiversity Gold,Verification approved,Kenya,Africa,CCB Second Edition
1325,Mjumita Community Forest Project (Lindi),Multiple Proponents,Reduced Emissions from Deforestation and Degradation,Climate Gold; Community Gold; Biodiversity Gold,Verification expired,Tanzania,Africa,CCB Third Edition
1215,The Makira Forest Protected Area in Madagascar,The Wildlife Conservation Society (WCS),Reduced Emissions from Deforestation and Degradation,Climate Gold; Biodiversity Gold,Verification expired,Madagascar,Africa,CCB Second Edition
673,Natural High Forest Rehabilitation Project on degraded land of Kibale National Park,PRIMAKLIMA e.V.,"Afforestation, Reforestation and Revegetation",Biodiversity Gold,Verification approved,Uganda,Africa,CCB Third Edition
1175,"AVOIDING PLANNED DEFORESTATION AND DEGRADATION IN THE VALDIVIAN COASTAL RESERVE, CHILE",The Nature Conservancy,Reduced Emissions from Deforestation and Degradation,Biodiversity Gold,Verification expired,Chile,Latin America,CCB Third Edition
612,The Kasigau Corridor REDD Project - Phase II The Community Ranches,Wildlife Works Carbon LLC,Reduced Emissions from Deforestation and Degradation,Climate Gold; Biodiversity Gold,Verification approved,Kenya,Africa,CCB Second Edition
1403,"The Paraguay Forest Conservation Project – Reduction of GHG Emissions from Deforestation and Forest Degradation in the Parana Atlantic Ecosystem – Forest Protection in the La Amistad Community, San Rafael",Swire Pacific Offshore Operations (Pte) Ltd. (SPO),Reduced Emissions from Deforestation and Degradation,Biodiversity Gold,Verification approved,Paraguay,Latin America,CCB Second Edition
1503,RESEX Rio Preto-Jacundá REDD+ Project,Multiple Proponents,Reduced Emissions from Deforestation and Degradation,Community Gold; Biodiversity Gold,Under Verification,Brazil,Latin America,CCB Third Edition
1501,Operation CO2 - La Muntanya d'Alinya,Fundacio Catalunya-La Pedrera,Improved Forest Management,,Project withdrawn,Spain,Europe,CCB Third Edition
963,The Purus Project,Multiple Proponents,Reduced Emissions from Deforestation and Degradation,Climate Gold; Community Gold; Biodiversity Gold,Verification approved,Brazil,Latin America,CCB Second Edition
1201,Gola REDD project,Gola Rainforest Conservation LG,Reduced Emissions from Deforestation and Degradation,Climate Gold; Biodiversity Gold,Verification approved,Sierra Leone,Africa,CCB Second Edition
981,Pacajai REDD+ Project,Avoided Deforestation Project (Manaus) Limited (“A,Reduced Emissions from Deforestation and Degradation,Climate Gold; Biodiversity Gold,On Hold - see notification letter,Brazil,Latin America,CCB Second Edition
953,The Paraguay Forest Conservation Project - Reduction of GHG emissions from deforestation and forest degradation in the Chaco-Pantanal ecosystem,Swire Pacific Offshore Operations (Pte) Ltd. (SPO),Reduced Emissions from Deforestation and Degradation,Climate Gold; Community Gold; Biodiversity Gold,Verification approved,Paraguay,Latin America,CCB Second Edition
818,Protection of the Bolivian Amazon Forest,Fermin Aldabe,Reduced Emissions from Deforestation and Degradation,Biodiversity Gold,Validation expired,Bolivia,Latin America,CCB Second Edition
1493,"Mangrove restoration and coastal greenbelt protection in the East coast of Aceh and North Sumatra Province, Indonesia",Livelihoods Fund SICAV SIF,Wetland Rewetting and Conservation,Silver,Validation and verification public comment period expired,Indonesia,Asia,CCB First Edition
674,Rimba Raya Biodiversity Reserve Project,InfiniteEARTH,Reduced Emissions from Deforestation and Degradation,Climate Gold; Community Gold; Biodiversity Gold,Verification public comment period expired,Indonesia,Oceania,CCB Second Edition
1477,Katingan Peatland Restoration and Conservation Project,PT. Rimba Makmur Utama (PT. RMU),Wetland Rewetting and Conservation,Climate Gold; Community Gold; Biodiversity Gold; Gold,Verification approved,Indonesia,Asia,CCB Third Edition
1468,Northern Kenya Grassland Carbon Project,Northern Rangelands Trust,Agricultural Land Management,Climate Gold; Community Gold; Biodiversity Gold,Under Verification,Kenya,Africa,CCB Third Edition
1233,Reforestation with Rubber on degraded lands of Colombia,NACOBENA SAS,"Afforestation, Reforestation and Revegetation",,Project withdrawn,Colombia,Latin America,CCB Second Edition
985,Cordillera Azul National Park REDD Project,"CIMA, Cordillera Azul",Reduced Emissions from Deforestation and Degradation,Biodiversity Gold,Verification approved,Peru,Latin America,CCB Second Edition
902,KARIBA REDD+ PROJECT,Carbon Green Investments (Guernsey),Reduced Emissions from Deforestation and Degradation,Climate Gold; Biodiversity Gold,Project withdrawn,Zimbabwe,Africa,CCB Second Edition
944,Alto Mayo Conservation Initiative,Conservation International Foundation,Reduced Emissions from Deforestation and Degradation,Biodiversity Gold,Verification approved,Peru,Latin America,CCB Second Edition
959,‘Guanaré’ Forest Plantations on degraded grasslands under extensive grazing,Guanaré SA,"Afforestation, Reforestation and Revegetation",,Verification approved,Uruguay,Latin America,CCB Third Edition
1455,Reduction of the deforestation and degradation of tropical dry forests in Piura and Lambayeque,Multiple Proponents,Reduced Emissions from Deforestation and Degradation,Biodiversity Gold,Validation approved,Peru,Latin America,CCB Third Edition
1381,HIMA (Hifadhi ya Misitu ya Asili ya jamii) REDD+ Program,Multiple Proponents,Reduced Emissions from Deforestation and Degradation,Climate Gold; Community Gold; Biodiversity Gold,Validation and verification public comment period expired,Tanzania,Africa,CCB Third Edition
1360,Forest Management to reduce deforestation and degradation in Shipibo Conibo and Cacataibo Indigenous communities of Ucayali region,Multiple Proponents,Reduced Emissions from Deforestation and Degradation,Community Gold; Biodiversity Gold,Verification public comment period requested ,Peru,Latin America,CCB Third Edition
1202,LOWER ZAMBEZI REDD+ PROJECT,BioCarbon Partners,Reduced Emissions from Deforestation and Degradation,Climate Gold; Community Gold; Biodiversity Gold,Verification approved,Zambia,Africa,CCB Second Edition
1317,Reforestation Grouped Project at Pratigi Environmental Protection Area,Multiple Proponents,"Afforestation, Reforestation and Revegetation",Climate Gold; Biodiversity Gold,Verification approved,Brazil,Latin America,CCB Second Edition
1359,Isangi REDD+ Project,"SAFBOIS, SPRL",Reduced Emissions from Deforestation and Degradation,Biodiversity Gold,Project withdrawn,"Congo, The Democratic Republic of The",Africa,CCB Second Edition
1382,"The Envira Amazonia Project - A Tropical Forest Conservation Project in Acre, Brazil",Multiple Proponents,Reduced Emissions from Deforestation and Degradation,Climate Gold; Community Gold; Biodiversity Gold,Under Verification,Brazil,Latin America,CCB Third Edition
1329,Maísa REDD+ Project,Multiple Proponents,Reduced Emissions from Deforestation and Degradation,Biodiversity Gold,Validation expired,Brazil,Latin America,CCB Second Edition
1351,Planting for the Future: Financially sustainable agroforestry systems and payments for ecosystem services,Plant your Future,"Afforestation, Reforestation and Revegetation",Climate Gold; Community Gold,Validation expired,Peru,Latin America,CCB Third Edition
1067,Reduction of deforestation and degradation in Tambopata National Reserve and Bahuaja-Sonene National Park within the area of Madre de Dios region –Peru,Asociación para la Investigación y Desarrollo Integral – AIDER,Reduced Emissions from Deforestation and Degradation,Climate Gold; Biodiversity Gold,Verification public comment period requested ,Peru,Latin America,CCB Second Edition
647,Boden Creek Ecological Preserve Forest Carbon Project,Boden Creek Ecological Preserve,Reduced Emissions from Deforestation and Degradation,Biodiversity Gold,Validation expired,Belize,Latin America,CCB Second Edition
1429,Recovery of degraded areas with agroforestry systems in Colombia,Multiple Proponents,"Afforestation, Reforestation and Revegetation",,Validation expired,Colombia,Latin America,CCB Third Edition
