ID,Name,Proponent,Project Type,Methodology,Status,Country/Area,Region,Project Registration Date,Sustainable Development Goals
5126,Masaka - Locally made cookstoves in Madagascar,CARBON CREDITS CONSULTING S.R.L.,Energy,,Undergoing validation,Madagascar,Africa,,01: No Poverty; 02: Zero Hunger; 03: Good Health and Well-being; 05: Gender Equality; 07: Affordable and Clean Energy; 08: Decent Work and Economic Growth; 13: Climate Action; 15: Life on Land
4878,IMPROVED COOKSTOVES DISTRIBUTION IN MOZAMBIQUE – MAPUTO,Eni S.p.A,Energy,,Undergoing validation,Mozambique,Africa,,01: No Poverty; 03: Good Health and Well-being; 05: Gender Equality; 07: Affordable and Clean Energy; 08: Decent Work and Economic Growth; 13: Climate Action
4879,IMPROVED COOKSTOVES DISTRIBUTION IN ANGOLA,Multiple Proponents,Energy,,Undergoing validation,Angola,Africa,,01: No Poverty; 03: Good Health and Well-being; 05: Gender Equality; 07: Affordable and Clean Energy; 08: Decent Work and Economic Growth; 13: Climate Action
4873,Improved cookstoves distribution in Congo – Pointe-Noire,Multiple Proponents,Energy,,Undergoing validation,Congo,Africa,,01: No Poverty; 03: Good Health and Well-being; 05: Gender Equality; 07: Affordable and Clean Energy; 08: Decent Work and Economic Growth; 13: Climate Action
4874,Improved cookstoves distribution in Congo – Brazzaville North,Multiple Proponents,Energy,,Undergoing validation,Congo,Africa,,01: No Poverty; 03: Good Health and Well-being; 05: Gender Equality; 07: Affordable and Clean Energy; 08: Decent Work and Economic Growth; 13: Climate Action
4875,Improved cookstoves distribution in Congo – Brazzaville South,Multiple Proponents,Energy,,Undergoing validation,Congo,Africa,,01: No Poverty; 03: Good Health and Well-being; 05: Gender Equality; 07: Affordable and Clean Energy; 08: Decent Work and Economic Growth; 13: Climate Action
4660,Legacy Forest Climate Initiative,PotlatchDeltic Corporation,Agriculture Forestry and Other Land Use,,Undergoing validation,United States,North America,,06: Clean Water and Sanitation; 12: Responsible Consumption and Production; 13: Climate Action; 15: Life on Land
4586,Sustainable contributions by Gemcorp India through Socially Responsible Plastic Recycling,Gemcorp Recycling & Technologies Private Limited,Climate change adaption,,Withdrawn,India,,,"01: No Poverty; 02: Zero Hunger; 03: Good Health and Well-being; 06: Clean Water and Sanitation; 08: Decent Work and Economic Growth; 09: Industry, Innovation and Infrastructure; 11: Sustainable Cities and Communities; 12: Responsible Consumption and Production; 13: Climate Action; 14: Life Below Water; 15: Life on Land; 17: Partnerships for the Goals"
4587,Boreal Wildlands Forest Carbon Offset Project,The Nature Conservancy of Canada,Agriculture Forestry and Other Land Use,,Undergoing validation and verification,Canada,North America,,06: Clean Water and Sanitation; 13: Climate Action; 15: Life on Land
4511,Silvador Climate Action,Multiple Proponents,Agriculture Forestry and Other Land Use,,Undergoing validation and verification,Romania,Europe,,12: Responsible Consumption and Production; 13: Climate Action; 15: Life on Land
4416,Improved Cookstove Grouped Project in Papua New Guinea,TEM PNG Cookstoves Project Pte Ltd,Energy,,Validated,Papua New Guinea,Oceania,,01: No Poverty; 02: Zero Hunger; 03: Good Health and Well-being; 04: Quality Education; 05: Gender Equality; 07: Affordable and Clean Energy; 08: Decent Work and Economic Growth; 12: Responsible Consumption and Production; 13: Climate Action; 15: Life on Land
4320,The Philippines VWT Improved Cookstove Program I,Multiple Proponents,Energy,,Under Development,Philippines,Asia,,"01: No Poverty; 02: Zero Hunger; 03: Good Health and Well-being; 04: Quality Education; 05: Gender Equality; 06: Clean Water and Sanitation; 07: Affordable and Clean Energy; 08: Decent Work and Economic Growth; 09: Industry, Innovation and Infrastructure; 13: Climate Action; 15: Life on Land"
4229,RENEW SAKHI - IMPROVED COOKSTOVES - 01,ReNew Power Synergy Private Limited,Energy,,Validated,India,Asia,,01: No Poverty; 03: Good Health and Well-being; 04: Quality Education; 05: Gender Equality; 07: Affordable and Clean Energy; 08: Decent Work and Economic Growth; 13: Climate Action; 15: Life on Land
4223,D.Light's Improved Cooking Project In Kenya,"d.light design, Ltd",Energy,,Validated,Kenya,Africa,,01: No Poverty; 03: Good Health and Well-being; 04: Quality Education; 05: Gender Equality; 07: Affordable and Clean Energy; 08: Decent Work and Economic Growth; 13: Climate Action; 15: Life on Land
4225,D.Light's Improved Cooking Project In Nigeria,"d.light design, Ltd",Energy,,Validated,Nigeria,Africa,,01: No Poverty; 03: Good Health and Well-being; 04: Quality Education; 05: Gender Equality; 07: Affordable and Clean Energy; 08: Decent Work and Economic Growth; 13: Climate Action; 15: Life on Land
4226,D.Light's Improved Cooking Project In Uganda,"d.light design, Ltd",Energy,,Undergoing validation,Uganda,Africa,,01: No Poverty; 03: Good Health and Well-being; 04: Quality Education; 05: Gender Equality; 07: Affordable and Clean Energy; 08: Decent Work and Economic Growth; 13: Climate Action; 15: Life on Land
4219,IMPROVED COOKSTOVES IN LIBERIA,Carbonibus S.r.l.,Energy,,Validated,Liberia,Africa,,01: No Poverty; 03: Good Health and Well-being; 04: Quality Education; 05: Gender Equality; 07: Affordable and Clean Energy; 08: Decent Work and Economic Growth; 12: Responsible Consumption and Production; 13: Climate Action; 15: Life on Land
4157,Installation of high efficiency wood burning cookstoves in Tanzania - Project 3,C-Quest Capital CR Stoves Pte. Ltd.,Energy,,Undergoing validation and verification,Tanzania,Africa,,03: Good Health and Well-being; 04: Quality Education; 05: Gender Equality; 07: Affordable and Clean Energy; 08: Decent Work and Economic Growth; 13: Climate Action; 15: Life on Land
4151,BioLite Africa Improved Stove Program,BioLite,Energy,,Validated,Rwanda,Africa,,01: No Poverty; 03: Good Health and Well-being; 05: Gender Equality; 07: Affordable and Clean Energy; 08: Decent Work and Economic Growth; 13: Climate Action; 15: Life on Land
4145,BLACK SOLDIER FLY COMMERCIAL FARMING PROJECT,Chanzi,Food,,Undergoing validation,Tanzania,Africa,,"02: Zero Hunger; 08: Decent Work and Economic Growth; 09: Industry, Innovation and Infrastructure; 12: Responsible Consumption and Production; 13: Climate Action"
4134,Burkina Faso Roumde Improved Cookstove Program I,"Guangzhou Iceberg Environmental Consulting Services Co., Ltd.",Energy,,Under Development,Burkina Faso,Africa,,"01: No Poverty; 02: Zero Hunger; 03: Good Health and Well-being; 04: Quality Education; 05: Gender Equality; 06: Clean Water and Sanitation; 07: Affordable and Clean Energy; 08: Decent Work and Economic Growth; 09: Industry, Innovation and Infrastructure; 12: Responsible Consumption and Production; 13: Climate Action; 15: Life on Land"
4093,Socially Responsible Plastic Waste Collection and Recycling Initiative by Gemcorp India,Gemcorp Recycling & Technologies Private Limited,Climate change adaption,,Undergoing validation and verification,India,Asia,,"01: No Poverty; 02: Zero Hunger; 03: Good Health and Well-being; 06: Clean Water and Sanitation; 08: Decent Work and Economic Growth; 09: Industry, Innovation and Infrastructure; 11: Sustainable Cities and Communities; 12: Responsible Consumption and Production; 13: Climate Action; 14: Life Below Water; 15: Life on Land; 17: Partnerships for the Goals"
4062,INSTALLATION OF HIGH EFFICIENCY COOKSTOVES IN SUB SAHARAN AFRICA BY ECC,ECOA Climate Capital,Energy,,Withdrawn,Kenya,,,01: No Poverty; 03: Good Health and Well-being; 04: Quality Education; 05: Gender Equality; 07: Affordable and Clean Energy; 08: Decent Work and Economic Growth; 13: Climate Action; 15: Life on Land
4044,IMPROVED COOKSTOVES DISTRIBUTION IN MOZAMBIQUE – SOFALA AND MANICA PROVINCES,Eni S.p.A.,Energy,,Undergoing validation,Mozambique,Africa,,01: No Poverty; 03: Good Health and Well-being; 05: Gender Equality; 07: Affordable and Clean Energy; 08: Decent Work and Economic Growth; 13: Climate Action
4037,Installation of High Efficient Cook Stoves by Enking International (VCS ID 2473),EKI Energy Services Limited,Energy,,Withdrawn,India,,,03: Good Health and Well-being; 04: Quality Education; 05: Gender Equality; 07: Affordable and Clean Energy; 08: Decent Work and Economic Growth; 13: Climate Action; 15: Life on Land
4038,Installation of High Efficient Cook Stoves by EKI Energy Services Limited (VCS ID 2664),EKI Energy Services Limited,Energy,,Withdrawn,India,,,03: Good Health and Well-being; 04: Quality Education; 05: Gender Equality; 07: Affordable and Clean Energy; 08: Decent Work and Economic Growth; 13: Climate Action; 15: Life on Land
4039,Global Cookstove Program (EKI Phase 03) (VCS ID 2941),EKI Energy Services Limited,Energy,,Withdrawn,India,,,03: Good Health and Well-being; 04: Quality Education; 05: Gender Equality; 07: Affordable and Clean Energy; 08: Decent Work and Economic Growth; 13: Climate Action; 15: Life on Land
4026,Angola Caraculo PV Plant,Solenova Ltd,Energy,,Under Development,Angola,Africa,,07: Affordable and Clean Energy; 08: Decent Work and Economic Growth; 13: Climate Action
3985,Grouped Electric bikes project in Africa,SPIRO HOLDCO,Transport,,Undergoing validation,Togo,Africa,,"01: No Poverty; 05: Gender Equality; 08: Decent Work and Economic Growth; 09: Industry, Innovation and Infrastructure; 11: Sustainable Cities and Communities; 13: Climate Action"
3941,Installation of high efficiency wood burning cookstoves in South Africa,C-Quest Capital CR Stoves Pte. Ltd.,Energy,,Under Development,South Africa,Africa,,03: Good Health and Well-being; 04: Quality Education; 05: Gender Equality; 07: Affordable and Clean Energy; 08: Decent Work and Economic Growth; 13: Climate Action; 15: Life on Land
3935,Angovo Maharitra,CARBON CREDITS CONSULTING S.R.L.,Energy,,Undergoing validation,Madagascar,Africa,,01: No Poverty; 02: Zero Hunger; 03: Good Health and Well-being; 04: Quality Education; 05: Gender Equality; 07: Affordable and Clean Energy; 08: Decent Work and Economic Growth; 13: Climate Action; 15: Life on Land
3936,Mila Rano - Safe water access for Madagascar,CARBON CREDITS CONSULTING S.R.L.,Water access and sanitation,,Undergoing validation,Madagascar,Africa,,01: No Poverty; 03: Good Health and Well-being; 04: Quality Education; 05: Gender Equality; 06: Clean Water and Sanitation; 08: Decent Work and Economic Growth; 13: Climate Action; 15: Life on Land
3904,Shine I – Distribution of LED Lightbulbs in South India,C-Quest Capital SG India LED Private Limited,Energy,,Undergoing validation,India,Asia,,04: Quality Education; 07: Affordable and Clean Energy; 08: Decent Work and Economic Growth; 11: Sustainable Cities and Communities; 12: Responsible Consumption and Production; 13: Climate Action
3905,Shine I – Distribution of LED Lightbulbs in North India,C-Quest Capital SG India LED Private Limited,Energy,,Undergoing validation,India,Asia,,04: Quality Education; 07: Affordable and Clean Energy; 08: Decent Work and Economic Growth; 11: Sustainable Cities and Communities; 12: Responsible Consumption and Production; 13: Climate Action
3906,Shine I – Distribution of LED Lightbulbs in North-East India,C-Quest Capital SG India LED Private Limited,Energy,,Undergoing validation,India,Asia,,04: Quality Education; 07: Affordable and Clean Energy; 08: Decent Work and Economic Growth; 11: Sustainable Cities and Communities; 12: Responsible Consumption and Production; 13: Climate Action
3907,Shine I – Distribution of LED Lightbulbs in East India,C-Quest Capital SG India LED Private Limited,Energy,,Undergoing validation,India,Asia,,04: Quality Education; 07: Affordable and Clean Energy; 08: Decent Work and Economic Growth; 11: Sustainable Cities and Communities; 12: Responsible Consumption and Production; 13: Climate Action
3883,Shuzhou Adjusted Water Management in Rice Cultivation,"Sichuan Huixiang Ecological Agriculture Co., Ltd.",Agriculture Forestry and Other Land Use,,Undergoing validation and verification,China,Asia,,02: Zero Hunger; 04: Quality Education; 08: Decent Work and Economic Growth; 13: Climate Action
3884,Installation of high efficiency cookstoves in Sub Saharan Africa by BURN,ECOA Climate Capital,Energy,,Undergoing validation,Kenya,Africa,,01: No Poverty; 03: Good Health and Well-being; 04: Quality Education; 05: Gender Equality; 07: Affordable and Clean Energy; 08: Decent Work and Economic Growth; 13: Climate Action; 15: Life on Land
3881,EMPOWERING COMMUNITIES THROUGH IMPROVED COOKSTOVES,Carbon Kind Ltd,Energy,,Undergoing validation and verification,Togo,Africa,,01: No Poverty; 03: Good Health and Well-being; 04: Quality Education; 05: Gender Equality; 07: Affordable and Clean Energy; 08: Decent Work and Economic Growth; 13: Climate Action; 15: Life on Land
3835,Grouped projects for water purifiers for climate and community action – Phase 2,Sustainability Investment Promotion and Development Joint Stock Company,Water access and sanitation,,Undergoing validation,Viet Nam,Asia,,01: No Poverty; 03: Good Health and Well-being; 05: Gender Equality; 06: Clean Water and Sanitation; 08: Decent Work and Economic Growth; 13: Climate Action; 15: Life on Land
3836,Grouped Projects for Viet Nam Cookstove Program – Phase 2,Sustainability Investment Promotion and Development Joint Stock Company,Energy,,Undergoing validation,Viet Nam,Asia,,01: No Poverty; 03: Good Health and Well-being; 05: Gender Equality; 07: Affordable and Clean Energy; 08: Decent Work and Economic Growth; 13: Climate Action; 15: Life on Land
3794,Adjusted Water Management in Rice Cultivation in Jintang County,"Sichuan Huixiang Ecological Agriculture Co., Ltd.",Agriculture Forestry and Other Land Use,,Undergoing validation and verification,China,Asia,,02: Zero Hunger; 04: Quality Education; 08: Decent Work and Economic Growth; 13: Climate Action
3732,Adjusted Water Management in Rice Cultivation in Xindu District,"Sichuan Huixiang Ecological Agriculture Co., Ltd.",Agriculture Forestry and Other Land Use,,Undergoing validation and verification,China,Asia,,02: Zero Hunger; 04: Quality Education; 08: Decent Work and Economic Growth; 13: Climate Action
3716,Adjusted Water Management in Rice Cultivation in Anzhou District,"Sichuan Huixiang Ecological Agriculture Co., Ltd.",Agriculture Forestry and Other Land Use,,Undergoing validation and verification,China,Asia,,02: Zero Hunger; 04: Quality Education; 08: Decent Work and Economic Growth; 13: Climate Action
3717,Adjusted Water Management in Rice Cultivation in Jiangyou City,"Sichuan Huixiang Ecological Agriculture Co., Ltd.",Agriculture Forestry and Other Land Use,,Undergoing validation and verification,China,Asia,,02: Zero Hunger; 04: Quality Education; 08: Decent Work and Economic Growth; 13: Climate Action
3721,Adjusted Water Management in Rice Cultivation in Yilong County,"Sichuan Huixiang Ecological Agriculture Co., Ltd.",Agriculture Forestry and Other Land Use,,Undergoing validation and verification,China,Asia,,02: Zero Hunger; 04: Quality Education; 08: Decent Work and Economic Growth; 13: Climate Action
3722,Adjusted Water Management in Rice Cultivation in Xionghe Town,Hubei Jiangling County Agricultural Technology Extension Center,Agriculture Forestry and Other Land Use,,Withdrawn,China,Asia,,01: No Poverty; 02: Zero Hunger; 04: Quality Education; 08: Decent Work and Economic Growth; 13: Climate Action
3723,Adjusted Water Management in Rice Cultivation in Baimasi Town,Hubei Jiangling County Agricultural Technology Extension Center,Agriculture Forestry and Other Land Use,,Withdrawn,China,Asia,,01: No Poverty; 02: Zero Hunger; 04: Quality Education; 08: Decent Work and Economic Growth; 13: Climate Action
3724,Adjusted Water Management in Rice Cultivation in Tanqiao Town,Hubei Jiangling County Agricultural Technology Extension Center,Agriculture Forestry and Other Land Use,,Under Development,China,Asia,,01: No Poverty; 02: Zero Hunger; 04: Quality Education; 08: Decent Work and Economic Growth; 13: Climate Action
3712,Adjusted Water Management in Rice Cultivation in Shagang Town,Hubei Jiangling County Agricultural Technology Extension Center,Agriculture Forestry and Other Land Use,,Under Development,China,Asia,,01: No Poverty; 02: Zero Hunger; 03: Good Health and Well-being; 04: Quality Education; 08: Decent Work and Economic Growth; 13: Climate Action
3695,Ningxiang Adjusted Water Management in Rice Cultivation,"Hangzhou Chunmeng Agricultural Technology Co., Ltd",Agriculture Forestry and Other Land Use,,Undergoing validation and verification,China,Asia,,02: Zero Hunger; 04: Quality Education; 08: Decent Work and Economic Growth; 13: Climate Action
3691,Safe Drinking Water Supply Project in the Rural Area of Senegal,"Guangzhou Iceberg Environmental Consulting Services Co., Ltd.",Water access and sanitation,,Under Development,Senegal,Africa,,02: Zero Hunger; 03: Good Health and Well-being; 04: Quality Education; 05: Gender Equality; 06: Clean Water and Sanitation; 08: Decent Work and Economic Growth; 10: Reduced Inequalities; 13: Climate Action; 15: Life on Land
3683,Adjusted Water Management in Rice Cultivation in Yuyao City,"Hangzhou Chunmeng Agricultural Technology Co., Ltd",Agriculture Forestry and Other Land Use,,Undergoing validation and verification,China,Asia,,02: Zero Hunger; 04: Quality Education; 08: Decent Work and Economic Growth; 13: Climate Action
3684,Adjusted Water Management in Rice Cultivation in Shangyu District,"Hangzhou Chunmeng Agricultural Technology Co., Ltd",Agriculture Forestry and Other Land Use,,Undergoing validation and verification,China,Asia,,02: Zero Hunger; 04: Quality Education; 08: Decent Work and Economic Growth; 13: Climate Action
3685,Adjusted Water Management in Rice Cultivation in Nanxun District,"Hangzhou Chunmeng Agricultural Technology Co., Ltd",Agriculture Forestry and Other Land Use,,Undergoing validation and verification,China,Asia,,02: Zero Hunger; 04: Quality Education; 08: Decent Work and Economic Growth; 13: Climate Action
3686,Adjusted Water Management in Rice Cultivation in Haining City,"Hangzhou Chunmeng Agricultural Technology Co., Ltd",Agriculture Forestry and Other Land Use,,Undergoing validation and verification,China,Asia,,02: Zero Hunger; 04: Quality Education; 08: Decent Work and Economic Growth; 13: Climate Action
3687,Adjusted Water Management in Rice Cultivation in Xiuzhou District,"Hangzhou Chunmeng Agricultural Technology Co., Ltd",Agriculture Forestry and Other Land Use,,Undergoing validation and verification,China,Asia,,02: Zero Hunger; 04: Quality Education; 08: Decent Work and Economic Growth; 13: Climate Action
3660,Papariko - Restoration of Degraded Mangrove Areas in Kenya,Vlinder Austria GmbH,Agriculture Forestry and Other Land Use,,Undergoing validation,Kenya,Africa,,01: No Poverty; 02: Zero Hunger; 04: Quality Education; 05: Gender Equality; 06: Clean Water and Sanitation; 08: Decent Work and Economic Growth; 13: Climate Action; 14: Life Below Water; 15: Life on Land
3656,Agoro Carbon USA Pastureland Program,Agoro Carbon Alliance US Inc.,Agriculture Forestry and Other Land Use,,Under Development,United States,North America,,"02: Zero Hunger; 04: Quality Education; 06: Clean Water and Sanitation; 09: Industry, Innovation and Infrastructure; 13: Climate Action; 15: Life on Land"
3634,Agoro Carbon USA Cropland Program,Agoro Carbon Alliance US Inc.,Agriculture Forestry and Other Land Use,,Under Development,United States,North America,,"02: Zero Hunger; 04: Quality Education; 06: Clean Water and Sanitation; 09: Industry, Innovation and Infrastructure; 13: Climate Action; 15: Life on Land"
3599,Grouped Projects for Safe Drinking Water for Schools in Viet Nam,Sustainability Investment Promotion and Development Joint Stock Company,Water access and sanitation,,Undergoing validation,Viet Nam,Asia,,01: No Poverty; 03: Good Health and Well-being; 04: Quality Education; 05: Gender Equality; 06: Clean Water and Sanitation; 08: Decent Work and Economic Growth; 13: Climate Action; 15: Life on Land
3461,Methane avoidance in rice cultivation in South of Linxiang District,"Hunan Yueyang Huabanqiao Market Development Co., Ltd.",Climate change adaption,,Undergoing verification,China,Asia,,02: Zero Hunger; 08: Decent Work and Economic Growth; 13: Climate Action
3421,Methane avoidance in rice cultivation in East of Junshan District,"Hunan Yueyang Huabanqiao Market Development Co., Ltd.",Climate change adaption,,Undergoing verification,China,Asia,,02: Zero Hunger; 08: Decent Work and Economic Growth; 13: Climate Action
3423,Methane avoidance in rice cultivation in West of Junshan District,"Hunan Yueyang Huabanqiao Market Development Co., Ltd.",Climate change adaption,,Undergoing validation and verification,China,Asia,,02: Zero Hunger; 08: Decent Work and Economic Growth; 13: Climate Action
3398,Methane avoidance in rice cultivation in East of Yueyang County,"Hunan Yueyang Huabanqiao Market Development Co., Ltd.",Climate change adaption,,Undergoing validation and verification,China,Asia,,02: Zero Hunger; 08: Decent Work and Economic Growth; 13: Climate Action
3399,Methane avoidance in rice cultivation in Central of Yueyang County,"Hunan Yueyang Huabanqiao Market Development Co., Ltd.",Climate change adaption,,Undergoing verification,China,Asia,,02: Zero Hunger; 08: Decent Work and Economic Growth; 13: Climate Action
3400,Methane avoidance in rice cultivation in North of Yueyang County,"Hunan Yueyang Huabanqiao Market Development Co., Ltd.",Climate change adaption,,Undergoing verification,China,Asia,,02: Zero Hunger; 08: Decent Work and Economic Growth; 13: Climate Action
3401,Methane avoidance in rice cultivation in South of Yueyang County,"Hunan Yueyang Huabanqiao Market Development Co., Ltd.",Climate change adaption,,Undergoing verification,China,Asia,,02: Zero Hunger; 08: Decent Work and Economic Growth; 13: Climate Action
3385,Methane avoidance in rice cultivation in Northeast of Yueyang County,"Hunan Yueyang Huabanqiao Market Development Co., Ltd.",Climate change adaption,,Undergoing verification,China,Asia,,02: Zero Hunger; 08: Decent Work and Economic Growth; 13: Climate Action
3341,Samkos REDD+ Project,"Royal Government of Cambodia (RGC), Ministry of Environment",Agriculture Forestry and Other Land Use,,Undergoing validation and verification,Cambodia,Asia,,01: No Poverty; 02: Zero Hunger; 06: Clean Water and Sanitation; 10: Reduced Inequalities; 13: Climate Action; 15: Life on Land
3345,Juneau Carbon Offset Fund,Juneau Carbon Offset Fund / Renewable Juneau,Energy,,Under Development,United States,,,07: Affordable and Clean Energy
3329,Installation of high efficiency wood burning cookstoves in Madagascar,C-Quest Capital Stoves Asia Limited,Energy,,Under Development,Madagascar,Asia,,03: Good Health and Well-being; 04: Quality Education; 05: Gender Equality; 07: Affordable and Clean Energy; 08: Decent Work and Economic Growth; 13: Climate Action; 15: Life on Land
3330,Installation of high efficiency wood burning cookstoves in Philippines,C-Quest Capital Stoves Asia Limited,Energy,,Under Development,Philippines,Asia,,03: Good Health and Well-being; 04: Quality Education; 05: Gender Equality; 07: Affordable and Clean Energy; 08: Decent Work and Economic Growth; 13: Climate Action; 15: Life on Land
3289,AMANZI MOTO - IMPROVED COOKSTOVES DISSEMINATION PROGRAMME IN ZIMBABWE,Aither Group SA,Energy,,Withdrawn,Zimbabwe,Africa,,03: Good Health and Well-being
3290,Empowering Women Through Clean Cooking,co2balance,Women’s empowerment,,Under Development,Kenya,Africa,,03: Good Health and Well-being; 13: Climate Action
3244,Grouped Projects For Vietnam Energy Efficiency Program,Sustainability Investment Promotion and Development Joint Stock Company,Energy,,Undergoing validation,Viet Nam,Asia,,07: Affordable and Clean Energy; 08: Decent Work and Economic Growth; 11: Sustainable Cities and Communities; 12: Responsible Consumption and Production; 13: Climate Action
3240,The Core Carbon,Core CarbonX Solutions Pvt. Ltd.,Energy,,Undergoing validation,India,Asia,,01: No Poverty; 03: Good Health and Well-being; 04: Quality Education; 05: Gender Equality; 07: Affordable and Clean Energy; 08: Decent Work and Economic Growth; 13: Climate Action; 15: Life on Land
3239,Madagascar Fahatokiana Improved Cookstove Program,"Guangzhou Iceberg Environmental Consulting Services Co., Ltd.",Energy,,Undergoing validation and verification,Madagascar,Africa,,"01: No Poverty; 02: Zero Hunger; 03: Good Health and Well-being; 04: Quality Education; 05: Gender Equality; 06: Clean Water and Sanitation; 07: Affordable and Clean Energy; 08: Decent Work and Economic Growth; 09: Industry, Innovation and Infrastructure; 10: Reduced Inequalities; 12: Responsible Consumption and Production; 13: Climate Action; 15: Life on Land"
3209,Installation of high efficiency wood burning cookstoves in Tanzania 2,C-Quest Capital Stoves Asia Limited,Energy,,Under Development,Tanzania,Africa,,03: Good Health and Well-being; 04: Quality Education; 05: Gender Equality; 07: Affordable and Clean Energy; 08: Decent Work and Economic Growth; 13: Climate Action; 15: Life on Land
3199,Installation of high efficiency wood burning cookstoves in Gambia,C-Quest Capital Stoves Asia Limited,Energy,,Under Development,Gambia,Africa,,01: No Poverty; 03: Good Health and Well-being; 04: Quality Education; 05: Gender Equality; 07: Affordable and Clean Energy; 08: Decent Work and Economic Growth; 13: Climate Action; 15: Life on Land
3204,Grouped Projects For Laos Water Purifier,Sustainability Investment Promotion and Development Joint Stock Company,Water access and sanitation,,Undergoing validation,Lao,Asia,,01: No Poverty; 03: Good Health and Well-being; 04: Quality Education; 05: Gender Equality; 06: Clean Water and Sanitation; 08: Decent Work and Economic Growth; 13: Climate Action; 15: Life on Land
3205,Installation of high efficiency wood burning cookstoves in Uganda 2,C-Quest Capital Stoves Asia Limited,Energy,,Undergoing validation,Uganda,Africa,,03: Good Health and Well-being; 04: Quality Education; 05: Gender Equality; 07: Affordable and Clean Energy; 08: Decent Work and Economic Growth; 13: Climate Action; 15: Life on Land
3197,Kenya Jiko Kisasa Improved Cookstove Program I,"Guangzhou Iceberg Environmental Consulting Services Co., Ltd.",Energy,,Undergoing validation and verification,Kenya,Africa,,"01: No Poverty; 02: Zero Hunger; 03: Good Health and Well-being; 04: Quality Education; 05: Gender Equality; 06: Clean Water and Sanitation; 07: Affordable and Clean Energy; 08: Decent Work and Economic Growth; 09: Industry, Innovation and Infrastructure; 12: Responsible Consumption and Production; 13: Climate Action; 15: Life on Land"
3198,Installation of high efficiency wood burning cookstoves in Burundi,C-Quest Capital Stoves Asia Limited,Energy,,Validated,Burundi,Africa,,01: No Poverty; 03: Good Health and Well-being; 04: Quality Education; 05: Gender Equality; 07: Affordable and Clean Energy; 08: Decent Work and Economic Growth; 13: Climate Action; 15: Life on Land
3195,Jinyujie Adjusted Water Management in Rice Cultivation,"Harbin Huanyu Agricultural Technology Co., Ltd.",Agriculture Forestry and Other Land Use,,Undergoing validation and verification,China,Asia,,02: Zero Hunger; 04: Quality Education; 08: Decent Work and Economic Growth; 13: Climate Action
3181,Longchuan Adjusted Water Management in Rice Cultivation,"Harbin Huanyu Agricultural Technology Co., Ltd.",Agriculture Forestry and Other Land Use,,Undergoing validation and verification,China,Asia,,02: Zero Hunger; 04: Quality Education; 08: Decent Work and Economic Growth; 13: Climate Action
3176,Changlinyan Adjusted Water Management in Rice Cultivation,"Harbin Huanyu Agricultural Technology Co., Ltd.",Agriculture Forestry and Other Land Use,,Undergoing validation and verification,China,Asia,,02: Zero Hunger; 04: Quality Education; 08: Decent Work and Economic Growth; 13: Climate Action
3168,Bangladesh Apon Chula Improved Cookstove Program II,Multiple Proponents,Energy,,Under Development,Bangladesh,Asia,,"01: No Poverty; 02: Zero Hunger; 03: Good Health and Well-being; 04: Quality Education; 05: Gender Equality; 06: Clean Water and Sanitation; 07: Affordable and Clean Energy; 08: Decent Work and Economic Growth; 09: Industry, Innovation and Infrastructure; 10: Reduced Inequalities; 12: Responsible Consumption and Production; 13: Climate Action; 15: Life on Land"
3162,Holistic development of North East India through clean energy access,SDG 13 Ventures Pte. Ltd.,Energy,,Under Development,India,Asia,,03: Good Health and Well-being; 05: Gender Equality; 07: Affordable and Clean Energy; 08: Decent Work and Economic Growth; 13: Climate Action
3148,Hulin Adjusted Water Management in Rice Cultivation,"Harbin Huanyu Agricultural Technology Co., Ltd.",Agriculture Forestry and Other Land Use,,Undergoing validation and verification,China,Asia,,02: Zero Hunger; 04: Quality Education; 08: Decent Work and Economic Growth; 13: Climate Action
3149,Qingfeng Adjusted Water Management in Rice Cultivation,"Harbin Huanyu Agricultural Technology Co., Ltd.",Agriculture Forestry and Other Land Use,,Undergoing validation and verification,China,Asia,,02: Zero Hunger; 04: Quality Education; 08: Decent Work and Economic Growth; 13: Climate Action
3150,Zhenbaodao Adjusted Water Management in Rice Cultivation,"Harbin Huanyu Agricultural Technology Co., Ltd.",Agriculture Forestry and Other Land Use,,Undergoing validation and verification,China,Asia,,02: Zero Hunger; 04: Quality Education; 08: Decent Work and Economic Growth; 13: Climate Action
3151,Clean Cooking Access for Women in Rural Maharashtra,SDG 13 Ventures Pte. Ltd.,Energy,,Under Development,India,Asia,,03: Good Health and Well-being; 05: Gender Equality; 07: Affordable and Clean Energy; 08: Decent Work and Economic Growth; 13: Climate Action
3144,Bangladesh Apon Chula Improved Cookstove Program I,Multiple Proponents,Energy,,Under Development,Bangladesh,Asia,,"01: No Poverty; 02: Zero Hunger; 03: Good Health and Well-being; 04: Quality Education; 05: Gender Equality; 06: Clean Water and Sanitation; 07: Affordable and Clean Energy; 08: Decent Work and Economic Growth; 09: Industry, Innovation and Infrastructure; 10: Reduced Inequalities; 12: Responsible Consumption and Production; 13: Climate Action; 15: Life on Land"
3118,Baowan Adjusted Water Management in Rice Cultivation,"Harbin Huanyu Agricultural Technology Co., Ltd.",Agriculture Forestry and Other Land Use,,Undergoing validation and verification,China,Asia,,02: Zero Hunger; 04: Quality Education; 08: Decent Work and Economic Growth; 13: Climate Action
3119,Chaoyang Adjusted Water Management in Rice Cultivation,"Harbin Huanyu Agricultural Technology Co., Ltd.",Agriculture Forestry and Other Land Use,,Undergoing verification,China,Asia,,02: Zero Hunger; 04: Quality Education; 08: Decent Work and Economic Growth; 13: Climate Action
3120,Longxin Adjusted Water Management in Rice Cultivation,"Harbin Huanyu Agricultural Technology Co., Ltd.",Agriculture Forestry and Other Land Use,,Undergoing validation and verification,China,Asia,,02: Zero Hunger; 04: Quality Education; 08: Decent Work and Economic Growth; 13: Climate Action
3121,Qingshan Adjusted Water Management in Rice Cultivation,"Harbin Huanyu Agricultural Technology Co., Ltd.",Agriculture Forestry and Other Land Use,,Undergoing validation and verification,China,Asia,,02: Zero Hunger; 04: Quality Education; 08: Decent Work and Economic Growth; 13: Climate Action
3122,Qixing Adjusted Water Management in Rice Cultivation,"Harbin Huanyu Agricultural Technology Co., Ltd.",Agriculture Forestry and Other Land Use,,Undergoing validation and verification,China,Asia,,02: Zero Hunger; 04: Quality Education; 08: Decent Work and Economic Growth; 13: Climate Action
3116,CAMBODIA PREY MOAN KHMER IMPROVED COOKSTOVE PROGRAM I,Multiple Proponents,Energy,,Validated,Cambodia,Asia,,"01: No Poverty; 02: Zero Hunger; 03: Good Health and Well-being; 04: Quality Education; 05: Gender Equality; 06: Clean Water and Sanitation; 07: Affordable and Clean Energy; 08: Decent Work and Economic Growth; 09: Industry, Innovation and Infrastructure; 10: Reduced Inequalities; 13: Climate Action; 15: Life on Land"
3052,Grouped Projects For Cambodia Water Purifier,Sustainability Investment Promotion and Development Joint Stock Company,Water access and sanitation,,Undergoing validation,Cambodia,Asia,,01: No Poverty; 03: Good Health and Well-being; 04: Quality Education; 05: Gender Equality; 06: Clean Water and Sanitation; 08: Decent Work and Economic Growth; 13: Climate Action; 15: Life on Land
3047,Nanyang Dongjia Composting Project in Fangcheng County,"Nanyang Dongjia Agriculture and Animal Husbandry Development Co., Ltd.",Climate change adaption,,Undergoing validation and verification,China,Asia,,08: Decent Work and Economic Growth; 12: Responsible Consumption and Production; 13: Climate Action
3042,MOTOR VEHICLE REPLACEMENT WITH UTILITY E-BIKE SD VISta,MOOV TECHNOLOGY (S) PTE. LTD,Transport,,Withdrawn,Taiwan,,,"03: Good Health and Well-being; 08: Decent Work and Economic Growth; 09: Industry, Innovation and Infrastructure; 10: Reduced Inequalities; 11: Sustainable Cities and Communities; 13: Climate Action"
3029,MOTOR VEHICLE REPLACEMENT WITH UTILITY E-BIKE,MOOV TECHNOLOGY (S) PTE. LTD.,Transport,,Under Development,Taiwan,Asia,,"03: Good Health and Well-being; 08: Decent Work and Economic Growth; 09: Industry, Innovation and Infrastructure; 10: Reduced Inequalities; 11: Sustainable Cities and Communities; 13: Climate Action"
3018,BigCoast Forest Climate Initiative,Mosaic Forest Management Corporation,Agriculture Forestry and Other Land Use,,Verified,Canada,North America,,06: Clean Water and Sanitation; 12: Responsible Consumption and Production; 13: Climate Action; 14: Life Below Water; 15: Life on Land
2999,Cleaner cooking access in lower Himalayan region,Multiple Proponents,Energy,,Validation approval request denied,Nepal,Asia,,03: Good Health and Well-being; 05: Gender Equality; 07: Affordable and Clean Energy; 08: Decent Work and Economic Growth; 13: Climate Action
2984,Rwandan Improved Cookstove Project,Likano Project Development GmbH,Energy,,Undergoing validation,Rwanda,Africa,,03: Good Health and Well-being; 04: Quality Education; 05: Gender Equality; 07: Affordable and Clean Energy; 13: Climate Action; 15: Life on Land
2981,Installation of high efficiency wood burning cookstoves in Angola – Project 2,C-Quest Capital SG Angola Stoves Private Limited,Energy,,Undergoing validation,Angola,Africa,,01: No Poverty; 02: Zero Hunger; 03: Good Health and Well-being; 04: Quality Education; 05: Gender Equality; 07: Affordable and Clean Energy; 08: Decent Work and Economic Growth; 13: Climate Action; 15: Life on Land
2960,Changing Lives via Improved Cooking Initiative - India,Multiple Proponents,Energy,,Validated,India,Asia,,01: No Poverty; 03: Good Health and Well-being; 04: Quality Education; 05: Gender Equality; 07: Affordable and Clean Energy; 08: Decent Work and Economic Growth; 13: Climate Action; 15: Life on Land
2951,Liaoning Xinwang Swine Farm Manure Management System GHG Mitigation Project,"Kangping Xinwang agriculture and animal husbandry Co., Ltd.",Climate change adaption,,Validation and verification approval request denied,China,Asia,,07: Affordable and Clean Energy; 08: Decent Work and Economic Growth; 13: Climate Action
2954,Distribution of ONIL stoves – Project 1,C-Quest Capital Stoves Asia Limited,Energy,,Withdrawn,Guatemala,Latin America,,01: No Poverty; 02: Zero Hunger; 03: Good Health and Well-being; 04: Quality Education; 05: Gender Equality; 07: Affordable and Clean Energy; 08: Decent Work and Economic Growth; 13: Climate Action; 15: Life on Land
2955,Distribution of ONIL stoves – Project 2,Multiple Proponents,Energy,,Under Development,Guatemala,Latin America,,01: No Poverty; 02: Zero Hunger; 03: Good Health and Well-being; 04: Quality Education; 05: Gender Equality; 07: Affordable and Clean Energy; 08: Decent Work and Economic Growth; 13: Climate Action; 15: Life on Land
2939,Global Cookstove Program (EKI Phase 01),EKI Energy Services Limited,Energy,,Under Development,India,Asia,,01: No Poverty; 03: Good Health and Well-being; 04: Quality Education; 05: Gender Equality; 07: Affordable and Clean Energy; 08: Decent Work and Economic Growth; 13: Climate Action; 15: Life on Land
2941,Global Cookstove Program (EKI Phase 03),EKI Energy Services Limited,Energy,,Under Development,India,Asia,,01: No Poverty; 03: Good Health and Well-being; 04: Quality Education; 05: Gender Equality; 07: Affordable and Clean Energy; 08: Decent Work and Economic Growth; 13: Climate Action; 15: Life on Land
2942,Clean Cooking - Cook Stove for Rural India,Multiple Proponents,Energy,,Verification approval requested,India,Asia,,01: No Poverty; 03: Good Health and Well-being; 04: Quality Education; 05: Gender Equality; 07: Affordable and Clean Energy; 08: Decent Work and Economic Growth; 11: Sustainable Cities and Communities; 12: Responsible Consumption and Production; 13: Climate Action; 15: Life on Land
2943,Global Cookstove Program (EKI Phase 05),EKI Energy Services Limited,Energy,,Rejected by Administrator,India,Asia,,"01: No Poverty; 03: Good Health and Well-being; 04: Quality Education; 05: Gender Equality; 07: Affordable and Clean Energy; 08: Decent Work and Economic Growth; 09: Industry, Innovation and Infrastructure; 11: Sustainable Cities and Communities; 12: Responsible Consumption and Production; 13: Climate Action; 15: Life on Land"
2923,Grouped Projects for Viet Nam Cookstove Program.,Sustainability Investment Promotion and Development Joint Stock Company,Energy,,Validated,Viet Nam,Asia,,01: No Poverty; 03: Good Health and Well-being; 05: Gender Equality; 07: Affordable and Clean Energy; 08: Decent Work and Economic Growth; 13: Climate Action; 15: Life on Land
2924,Grouped Projects for Laos Improved Cookstove,Sustainability Investment Promotion and Development Joint Stock Company,Energy,,Undergoing validation,Lao,Asia,,01: No Poverty; 03: Good Health and Well-being; 05: Gender Equality; 07: Affordable and Clean Energy; 08: Decent Work and Economic Growth; 13: Climate Action; 15: Life on Land
2925,Grouped Projects for Cambodia Improved Cookstove,Sustainability Investment Promotion and Development Joint Stock Company,Energy,,Undergoing validation,Cambodia,Asia,,03: Good Health and Well-being; 04: Quality Education; 05: Gender Equality; 07: Affordable and Clean Energy; 08: Decent Work and Economic Growth; 13: Climate Action; 15: Life on Land
2899,Adjusted Water Management in Rice Cultivation In Dawu County,"Wuhan Haimingsen Environmental Protection Technology Co., Ltd.",Agriculture Forestry and Other Land Use,,Under Development,China,Asia,,02: Zero Hunger; 04: Quality Education; 08: Decent Work and Economic Growth; 13: Climate Action
2900,Adjusted Water Management in Rice Cultivation In Daye City,"Wuhan Haimingsen Environmental Protection Technology Co., Ltd.",Agriculture Forestry and Other Land Use,,Undergoing verification,China,Asia,,02: Zero Hunger; 04: Quality Education; 08: Decent Work and Economic Growth; 13: Climate Action
2901,Adjusted Water Management in Rice Cultivation In Hanchuan City,"Wuhan Haimingsen Environmental Protection Technology Co., Ltd.",Agriculture Forestry and Other Land Use,,Under Development,China,Asia,,02: Zero Hunger; 04: Quality Education; 13: Climate Action
2902,Adjusted Water Management in Rice Cultivation In Huangmei County,"Wuhan Haimingsen Environmental Protection Technology Co., Ltd.",Agriculture Forestry and Other Land Use,,Under Development,China,Asia,,02: Zero Hunger; 04: Quality Education; 08: Decent Work and Economic Growth; 13: Climate Action
2903,Adjusted Water Management in Rice Cultivation In Xiaochang County,"Wuhan Haimingsen Environmental Protection Technology Co., Ltd.",Agriculture Forestry and Other Land Use,,Under Development,China,Asia,,02: Zero Hunger; 04: Quality Education; 13: Climate Action
2906,Adjusted Water Management in Rice Cultivation In Xiaonan District,"Wuhan Haimingsen Environmental Protection Technology Co., Ltd.",Agriculture Forestry and Other Land Use,,Under Development,China,Asia,,02: Zero Hunger; 04: Quality Education; 08: Decent Work and Economic Growth; 13: Climate Action
2907,Adjusted Water Management in Rice Cultivation In Yangxin County,"Wuhan Haimingsen Environmental Protection Technology Co., Ltd.",Agriculture Forestry and Other Land Use,,Undergoing verification,China,Asia,,02: Zero Hunger; 04: Quality Education; 08: Decent Work and Economic Growth; 13: Climate Action
2909,Adjusted Water Management in Rice Cultivation In Yingcheng City,"Wuhan Haimingsen Environmental Protection Technology Co., Ltd.",Agriculture Forestry and Other Land Use,,Under Development,China,Asia,,02: Zero Hunger; 04: Quality Education; 08: Decent Work and Economic Growth; 13: Climate Action
2910,Wude Adjusted Water Management in Rice Cultivation,"Hangzhou Chunmeng Agricultural Technology Co., Ltd",Agriculture Forestry and Other Land Use,,Undergoing verification,China,Asia,,02: Zero Hunger; 04: Quality Education; 08: Decent Work and Economic Growth; 13: Climate Action
2911,Adjusted Water Management in Rice Cultivation in Haiyan County,"Hangzhou Chunmeng Agricultural Technology Co., Ltd",Agriculture Forestry and Other Land Use,,Undergoing verification,China,Asia,,13: Climate Action
2912,Adjusted Water Management in Rice Cultivation in Tongxiang City,"Hangzhou Chunmeng Agricultural Technology Co., Ltd",Agriculture Forestry and Other Land Use,,Undergoing verification,China,Asia,,02: Zero Hunger; 04: Quality Education; 08: Decent Work and Economic Growth; 13: Climate Action
2891,Adjusted Water Management in Rice Cultivation In Jiangxia District,"Wuhan Haimingsen Environmental Protection Technology Co., Ltd.",Agriculture Forestry and Other Land Use,,Under Development,China,Asia,,02: Zero Hunger; 04: Quality Education; 08: Decent Work and Economic Growth; 13: Climate Action
2892,Adjusted Water Management in Rice Cultivation In Wuxue City,"Wuhan Haimingsen Environmental Protection Technology Co., Ltd.",Agriculture Forestry and Other Land Use,,Under Development,China,Asia,,02: Zero Hunger; 04: Quality Education; 13: Climate Action
2894,Adjusted Water Management in Rice Cultivation In Xinzhou District,"Wuhan Haimingsen Environmental Protection Technology Co., Ltd.",Agriculture Forestry and Other Land Use,,Under Development,China,Asia,,02: Zero Hunger; 04: Quality Education; 13: Climate Action
2886,Installation of high efficiency wood burning cookstoves in Malawi – Project 3,C-Quest Capital SGM ZM Stoves Private Limited,Energy,,Under Development,Malawi,Africa,,01: No Poverty; 03: Good Health and Well-being; 04: Quality Education; 05: Gender Equality; 07: Affordable and Clean Energy; 08: Decent Work and Economic Growth; 13: Climate Action; 15: Life on Land
2888,Installation of high efficiency wood burning cookstoves in Mozambique – Project 2,C-Quest Capital SGM ZM Stoves Private Limited,Energy,,Undergoing validation,Mozambique,Africa,,01: No Poverty; 02: Zero Hunger; 03: Good Health and Well-being; 04: Quality Education; 05: Gender Equality; 07: Affordable and Clean Energy; 08: Decent Work and Economic Growth; 13: Climate Action; 15: Life on Land
2890,Installation of high efficiency wood burning cookstoves in Zimbabwe - Project 2,C-Quest Capital SGM ZM Stoves Private Limited,Energy,,Undergoing validation,Zimbabwe,Africa,,01: No Poverty; 02: Zero Hunger; 03: Good Health and Well-being; 04: Quality Education; 05: Gender Equality; 07: Affordable and Clean Energy; 08: Decent Work and Economic Growth; 13: Climate Action; 15: Life on Land
2876,Muyuan WJZ AWMS GHG Mitigation Project in Henan Province,"Muyuan Foods Co., Ltd.",Livelihoods,,Verified,China,Asia,,07: Affordable and Clean Energy; 08: Decent Work and Economic Growth; 12: Responsible Consumption and Production; 13: Climate Action
2877,Adjusted Water Management in Rice Cultivation In Huangpi District,"Wuhan Haimingsen Environmental Protection Technology Co., Ltd.",Agriculture Forestry and Other Land Use,,Under Development,China,Asia,,02: Zero Hunger; 04: Quality Education; 13: Climate Action
2864,Xuancheng Composting Project Phase I,"Xuancheng Nanyang Biotechnology Co., Ltd",Livelihoods,,Undergoing verification,China,Asia,,08: Decent Work and Economic Growth; 12: Responsible Consumption and Production; 13: Climate Action
2866,Xuan Cheng Composting Project Phase II,"Xuancheng Nanyang Biotechnology Co., Ltd",Livelihoods,,Undergoing verification,China,Asia,,08: Decent Work and Economic Growth; 12: Responsible Consumption and Production; 13: Climate Action
2843,QianJin Adjusted Water Management in Rice Cultivation,"Guizhou Zhongjian’yangchen Energy Investment Co., Ltd.",Agriculture Forestry and Other Land Use,,Undergoing verification,China,Asia,,01: No Poverty; 02: Zero Hunger; 04: Quality Education; 08: Decent Work and Economic Growth; 13: Climate Action
2845,QiDa Adjusted Water Management in Rice Cultivation,"Guizhou Zhongjian’yangchen Energy Investment Co., Ltd.",Agriculture Forestry and Other Land Use,,Undergoing verification,China,Asia,,01: No Poverty; 02: Zero Hunger; 04: Quality Education; 08: Decent Work and Economic Growth; 13: Climate Action
2847,JinNa Adjusted Water Management in Rice Cultivation,"Guizhou Zhongjian’yangchen Energy Investment Co., Ltd.",Agriculture Forestry and Other Land Use,,Undergoing verification,China,Asia,,01: No Poverty; 02: Zero Hunger; 04: Quality Education; 08: Decent Work and Economic Growth; 13: Climate Action
2740,Dekang AWMS GHG Mitigation Project in Sichuan Province,DEKON FOOD AND AGRICULTURE GROUP,Livelihoods,,Undergoing validation and verification,China,Asia,,07: Affordable and Clean Energy; 08: Decent Work and Economic Growth; 12: Responsible Consumption and Production; 13: Climate Action
2741,Dekang AWMS GHG Mitigation Project in Guizhou Province,DEKON FOOD AND AGRICULTURE GROUP,Livelihoods,,Undergoing validation and verification,China,Asia,,07: Affordable and Clean Energy; 08: Decent Work and Economic Growth; 12: Responsible Consumption and Production; 13: Climate Action
2700,SHINE - Distribution of LED lightbulbs in India-6,Brightspark Energy Pvt. Ltd.,Energy,,Under Development,India,Asia,,07: Affordable and Clean Energy; 08: Decent Work and Economic Growth; 11: Sustainable Cities and Communities; 12: Responsible Consumption and Production; 13: Climate Action
2701,SHINE - Distribution of LED lightbulbs in India-7,Brightspark Energy Pvt. Ltd.,Energy,,Under Development,India,Asia,,07: Affordable and Clean Energy; 08: Decent Work and Economic Growth; 11: Sustainable Cities and Communities; 12: Responsible Consumption and Production; 13: Climate Action
2695,SHINE - Distribution of LED lightbulbs in India-5,Brightspark Energy Pvt. Ltd.,Energy,,Under Development,India,Asia,,07: Affordable and Clean Energy; 08: Decent Work and Economic Growth; 11: Sustainable Cities and Communities; 12: Responsible Consumption and Production; 13: Climate Action
2673,UpEnergy-Social and Climate Impact Programme- Nigeria-1,UpEnergy Group,Energy,,Verified,Nigeria,Africa,,01: No Poverty; 05: Gender Equality; 07: Affordable and Clean Energy; 08: Decent Work and Economic Growth; 12: Responsible Consumption and Production; 13: Climate Action; 15: Life on Land
2675,UpEnergy-Social and Climate Impact Programme- DRC-1,UpEnergy Group,Energy,,Under Development,"Congo, The Democratic Republic of The",Africa,,01: No Poverty; 03: Good Health and Well-being; 05: Gender Equality; 07: Affordable and Clean Energy; 08: Decent Work and Economic Growth; 12: Responsible Consumption and Production; 13: Climate Action; 15: Life on Land
2676,Community Carbon Efficient Cooking Programme - Tanzania-1,Community Carbon,Energy,,Verification approval request denied,Tanzania,Africa,,05: Gender Equality; 07: Affordable and Clean Energy; 08: Decent Work and Economic Growth; 12: Responsible Consumption and Production; 13: Climate Action; 15: Life on Land
2664,Installation of High Efficient Cook Stoves by EKI Energy Services Limited,EKI Energy Services Limited,Energy,,Under Development,India,Asia,,01: No Poverty; 03: Good Health and Well-being; 04: Quality Education; 05: Gender Equality; 07: Affordable and Clean Energy; 08: Decent Work and Economic Growth; 13: Climate Action; 15: Life on Land
2657,SHINE – Distribution of LED Lightbulbs in India-3,Multiple Proponents,Energy,,Under Development,India,Asia,,07: Affordable and Clean Energy; 08: Decent Work and Economic Growth; 11: Sustainable Cities and Communities; 12: Responsible Consumption and Production; 13: Climate Action
2658,SHINE – Distribution of LED Lightbulbs in India-4,Brightspark Energy Pvt. Ltd.,Energy,,Under Development,India,Asia,,07: Affordable and Clean Energy; 08: Decent Work and Economic Growth; 11: Sustainable Cities and Communities; 12: Responsible Consumption and Production; 13: Climate Action
2631,Adjusted Water Management in Rice Cultivation in Dazu District,"Chongqing Gengfang Agricultural Development Co., Ltd.",Agriculture Forestry and Other Land Use,,Verification public comment period requested,China,Asia,,01: No Poverty; 02: Zero Hunger; 04: Quality Education; 08: Decent Work and Economic Growth; 13: Climate Action
2632,Adjusted Water Management in Rice Cultivation in Eastern Hechuan District,"Chongqing Gengfang Agricultural Development Co., Ltd.",Agriculture Forestry and Other Land Use,,Undergoing verification,China,Asia,,01: No Poverty; 02: Zero Hunger; 04: Quality Education; 08: Decent Work and Economic Growth; 13: Climate Action
2633,Adjusted Water Management in Rice Cultivation in Nanchuan District,"Chongqing Gengfang Agricultural Development Co., Ltd.",Agriculture Forestry and Other Land Use,,Undergoing verification,China,Asia,,01: No Poverty; 02: Zero Hunger; 04: Quality Education; 08: Decent Work and Economic Growth; 13: Climate Action
2626,Xiping Adjusted Water Management in Rice Cultivation,"Guizhou Zhongjian’yangchen Energy Investment Co., Ltd.",Agriculture Forestry and Other Land Use,,Undergoing verification,China,Asia,,01: No Poverty; 02: Zero Hunger; 04: Quality Education; 08: Decent Work and Economic Growth; 13: Climate Action
2627,Xing’anwang Adjusted Water Management in Rice Cultivation,"Guizhou Zhongjian’yangchen Energy Investment Co., Ltd.",Agriculture Forestry and Other Land Use,,Undergoing verification,China,Asia,,01: No Poverty; 02: Zero Hunger; 04: Quality Education; 08: Decent Work and Economic Growth; 13: Climate Action
2628,Yansiyin Adjusted Water Management in Rice Cultivation,"Guizhou Zhongjian’yangchen Energy Investment Co., Ltd.",Agriculture Forestry and Other Land Use,,Undergoing verification,China,Asia,,13: Climate Action
2622,Huiluo Adjusted Water Management in Rice Cultivation,"Guizhou Zhongjian’yangchen Energy Investment Co., Ltd.",Agriculture Forestry and Other Land Use,,Undergoing verification,China,Asia,,01: No Poverty; 02: Zero Hunger; 04: Quality Education; 08: Decent Work and Economic Growth; 13: Climate Action
2607,Household Energy Efficiency Programme,C-Quest Capital SG India Holdings Private Limited,Energy,,Undergoing validation and verification,India,Asia,,03: Good Health and Well-being; 04: Quality Education; 05: Gender Equality; 07: Affordable and Clean Energy; 08: Decent Work and Economic Growth; 13: Climate Action; 15: Life on Land
2608,SHINE - Distribution of LED lightbulbs in India-2,Multiple Proponents,Energy,,Under Development,India,Asia,,07: Affordable and Clean Energy; 08: Decent Work and Economic Growth; 12: Responsible Consumption and Production; 13: Climate Action
2581,Grouped projects for Mekong River Delta Water Purifier,Sustainability Investment Promotion and Development Joint Stock Company,Energy,,Undergoing verification,Viet Nam,Asia,,01: No Poverty; 03: Good Health and Well-being; 05: Gender Equality; 06: Clean Water and Sanitation; 08: Decent Work and Economic Growth; 13: Climate Action; 15: Life on Land
2572,Motion Energy EV Charger SD VISta Project,Motion Energy Group,Transport,,Withdrawn,Australia,,,"03: Good Health and Well-being; 07: Affordable and Clean Energy; 08: Decent Work and Economic Growth; 09: Industry, Innovation and Infrastructure; 11: Sustainable Cities and Communities; 12: Responsible Consumption and Production; 13: Climate Action; 14: Life Below Water; 15: Life on Land"
2560,Installation of high efficiency wood burning cookstoves: Malawi SG,C-Quest Capital SG Stoves Private Limited,Energy,,Withdrawn,Malawi,,,"01: No Poverty; 02: Zero Hunger; 03: Good Health and Well-being; 04: Quality Education; 05: Gender Equality; 07: Affordable and Clean Energy; 08: Decent Work and Economic Growth; 09: Industry, Innovation and Infrastructure; 10: Reduced Inequalities; 13: Climate Action; 15: Life on Land"
2561,Installation of high efficiency wood burning cookstoves: Zambia SG,C-Quest Capital SG Stoves Private Limited,Energy,,Withdrawn,Zambia,,,"01: No Poverty; 02: Zero Hunger; 03: Good Health and Well-being; 04: Quality Education; 05: Gender Equality; 07: Affordable and Clean Energy; 08: Decent Work and Economic Growth; 09: Industry, Innovation and Infrastructure; 13: Climate Action"
2562,Installation of high efficiency wood burning cookstoves: Tanzania SG,C-Quest Capital SG Stoves Private Limited,Energy,,Withdrawn,Tanzania,,,"01: No Poverty; 02: Zero Hunger; 03: Good Health and Well-being; 04: Quality Education; 05: Gender Equality; 07: Affordable and Clean Energy; 08: Decent Work and Economic Growth; 09: Industry, Innovation and Infrastructure; 13: Climate Action"
2559,Installation of high efficiency wood burning cookstoves: Zambia,C-Quest Capital SGS Stoves Private Limited,Energy,,Withdrawn,Zambia,,,"01: No Poverty; 02: Zero Hunger; 03: Good Health and Well-being; 04: Quality Education; 05: Gender Equality; 07: Affordable and Clean Energy; 08: Decent Work and Economic Growth; 09: Industry, Innovation and Infrastructure; 13: Climate Action"
2557,Grouped projects for water purifiers for climate and community action,Sustainability Investment Promotion and Development Joint Stock Company,Water access and sanitation,,Undergoing validation,Viet Nam,Asia,,01: No Poverty; 03: Good Health and Well-being; 05: Gender Equality; 06: Clean Water and Sanitation; 08: Decent Work and Economic Growth; 13: Climate Action; 15: Life on Land
2550,Installation of high efficiency wood burning cookstoves: Malawi,C-Quest Capital SGS Stoves Private Limited,Energy,,Withdrawn,Malawi,,,"01: No Poverty; 02: Zero Hunger; 03: Good Health and Well-being; 04: Quality Education; 05: Gender Equality; 07: Affordable and Clean Energy; 08: Decent Work and Economic Growth; 09: Industry, Innovation and Infrastructure; 10: Reduced Inequalities; 13: Climate Action; 15: Life on Land"
2548,Grouped projects for Improved cookstove for climate and community action,Sustainability Investment Promotion and Development Joint Stock Company,Energy,,Undergoing validation,Viet Nam,Asia,,01: No Poverty; 03: Good Health and Well-being; 05: Gender Equality; 07: Affordable and Clean Energy; 08: Decent Work and Economic Growth; 13: Climate Action; 15: Life on Land
2533,Improved Cookstove Programme by SDG13 in India,SDG 13 Ventures Pte. Ltd.,Energy,,Validation approval request denied,India,Asia,,03: Good Health and Well-being; 05: Gender Equality; 07: Affordable and Clean Energy; 08: Decent Work and Economic Growth; 13: Climate Action
2521,Installation of high efficiency wood burning cookstoves in Laos,C-Quest Capital SGT Asia Stoves Private Limited,Energy,,Undergoing validation,Lao,Asia,,03: Good Health and Well-being; 04: Quality Education; 05: Gender Equality; 07: Affordable and Clean Energy; 08: Decent Work and Economic Growth; 13: Climate Action; 15: Life on Land
2522,Installation of high efficiency wood burning cookstoves in Thailand,C-Quest Capital SGT Asia Stoves Private Limited,Energy,,Undergoing validation,Thailand,Asia,,"03: Good Health and Well-being; 04: Quality Education; 05: Gender Equality; 07: Affordable and Clean Energy; 08: Decent Work and Economic Growth; 09: Industry, Innovation and Infrastructure; 13: Climate Action; 15: Life on Land"
2523,Installation of high efficiency wood burning cookstoves in Vietnam,Multiple Proponents,Energy,,Undergoing validation,Viet Nam,Asia,,"03: Good Health and Well-being; 04: Quality Education; 05: Gender Equality; 07: Affordable and Clean Energy; 08: Decent Work and Economic Growth; 09: Industry, Innovation and Infrastructure; 13: Climate Action; 15: Life on Land"
2488,Human Forest Mobility Project,First Climate Markets AG,Transport,,Validated,United Kingdom,,,"03: Good Health and Well-being; 07: Affordable and Clean Energy; 08: Decent Work and Economic Growth; 09: Industry, Innovation and Infrastructure; 10: Reduced Inequalities; 11: Sustainable Cities and Communities; 13: Climate Action"
2473,Installation of High Efficient Cook Stoves by Enking International,EKI Energy Services Limited,Energy,,Under Development,India,Asia,,01: No Poverty; 03: Good Health and Well-being; 04: Quality Education; 05: Gender Equality; 07: Affordable and Clean Energy; 08: Decent Work and Economic Growth; 13: Climate Action; 15: Life on Land
2409,Cleaner Cooking Solutions Program,C-Quest Capital SGT Asia Stoves Private Limited,Energy,,Validated,Cambodia,Asia,,"03: Good Health and Well-being; 04: Quality Education; 05: Gender Equality; 07: Affordable and Clean Energy; 08: Decent Work and Economic Growth; 09: Industry, Innovation and Infrastructure; 13: Climate Action; 15: Life on Land"
2390,Installation of high efficiency wood burning cookstoves in Angola,C-Quest Capital Stoves Asia Limited,Energy,,Under Development,Angola,Africa,,01: No Poverty; 02: Zero Hunger; 03: Good Health and Well-being; 04: Quality Education; 05: Gender Equality; 07: Affordable and Clean Energy; 08: Decent Work and Economic Growth; 13: Climate Action; 15: Life on Land
2384,Recipe for Change Grouped Project,Wonderbag UK,Climate change adaption,,Undergoing verification,South Africa,Africa,,01: No Poverty; 08: Decent Work and Economic Growth; 12: Responsible Consumption and Production; 13: Climate Action; 15: Life on Land
2380,Installation of high efficiency wood burning cookstoves in Rwanda,C-Quest Capital Stoves Asia Limited,Energy,,Under Development,Rwanda,Africa,,01: No Poverty; 03: Good Health and Well-being; 04: Quality Education; 05: Gender Equality; 07: Affordable and Clean Energy; 08: Decent Work and Economic Growth; 13: Climate Action; 15: Life on Land
2371,Installation of high efficiency wood burning cookstoves in Zambia - Project 2,Multiple Proponents,Energy,,On Hold - see notification letter,Zambia,Africa,,03: Good Health and Well-being; 04: Quality Education; 05: Gender Equality; 07: Affordable and Clean Energy; 08: Decent Work and Economic Growth; 13: Climate Action; 15: Life on Land
2372,Installation of high efficiency wood burning cookstoves in Malawi - Project 2,Multiple Proponents,Energy,,Verification approval requested,Malawi,Africa,,"02: Zero Hunger; 03: Good Health and Well-being; 04: Quality Education; 05: Gender Equality; 07: Affordable and Clean Energy; 08: Decent Work and Economic Growth; 09: Industry, Innovation and Infrastructure; 13: Climate Action; 15: Life on Land"
2366,Installation of high efficiency wood burning cookstoves in Tanzania,Multiple Proponents,Energy,,Verification approval requested,Tanzania,Africa,,03: Good Health and Well-being; 04: Quality Education; 05: Gender Equality; 07: Affordable and Clean Energy; 08: Decent Work and Economic Growth; 13: Climate Action; 15: Life on Land
2349,Installation of high efficiency wood burning cookstoves in Kenya,C-Quest Capital SGS Stoves Private Limited,Energy,,Validated,Kenya,Africa,,01: No Poverty; 02: Zero Hunger; 03: Good Health and Well-being; 04: Quality Education; 05: Gender Equality; 07: Affordable and Clean Energy; 08: Decent Work and Economic Growth; 13: Climate Action; 15: Life on Land
2350,Installation of high efficiency wood burning cookstoves in Uganda,Multiple Proponents,Energy,,Validated,Uganda,Africa,,01: No Poverty; 02: Zero Hunger; 03: Good Health and Well-being; 04: Quality Education; 05: Gender Equality; 07: Affordable and Clean Energy; 08: Decent Work and Economic Growth; 13: Climate Action; 15: Life on Land
2351,Installation of high efficiency wood burning cookstoves in Mozambique,C-Quest Capital SGS Stoves Private Limited,Energy,,Under Development,Mozambique,Africa,,01: No Poverty; 02: Zero Hunger; 03: Good Health and Well-being; 04: Quality Education; 05: Gender Equality; 07: Affordable and Clean Energy; 08: Decent Work and Economic Growth; 13: Climate Action; 15: Life on Land
2348,Motion Energy EV Industry Charger Project,Motion Energy Group,Transport,,Undergoing verification,Australia,Oceania,,"03: Good Health and Well-being; 07: Affordable and Clean Energy; 08: Decent Work and Economic Growth; 09: Industry, Innovation and Infrastructure; 11: Sustainable Cities and Communities; 12: Responsible Consumption and Production; 13: Climate Action; 14: Life Below Water; 15: Life on Land"
2340,Installation of high efficiency wood burning cookstoves in Zambia,Multiple Proponents,Energy,,On Hold - see notification letter,Zambia,Africa,,03: Good Health and Well-being; 04: Quality Education; 05: Gender Equality; 07: Affordable and Clean Energy; 08: Decent Work and Economic Growth; 13: Climate Action; 15: Life on Land
2341,Installation of high efficiency wood burning cookstoves in Zimbabwe,C-Quest Capital SGS Stoves Private Limited,Energy,,Undergoing validation,Zimbabwe,Africa,,03: Good Health and Well-being; 04: Quality Education; 05: Gender Equality; 07: Affordable and Clean Energy; 08: Decent Work and Economic Growth; 13: Climate Action; 15: Life on Land
2342,Installation of high efficiency wood burning cookstoves in Malawi,C-Quest Capital SG Stoves Private Limited,Energy,,Verification approval requested,Malawi,Africa,,"02: Zero Hunger; 03: Good Health and Well-being; 04: Quality Education; 05: Gender Equality; 07: Affordable and Clean Energy; 08: Decent Work and Economic Growth; 09: Industry, Innovation and Infrastructure; 13: Climate Action; 15: Life on Land"
2077,TUIK RUCH LEW IMPROVED COOKSTOVE PROJECT FOR LAKE ATITLAN,Asociacion Tuik Ruch Lew,Energy,,Verified,Guatemala,Latin America,,01: No Poverty; 03: Good Health and Well-being; 05: Gender Equality; 06: Clean Water and Sanitation; 07: Affordable and Clean Energy; 08: Decent Work and Economic Growth; 13: Climate Action; 15: Life on Land
1857,Grouped OFF-GRID Renewable Energy Project in India,Multiple Proponents,Energy,,Validated,India,Asia,,07: Affordable and Clean Energy; 08: Decent Work and Economic Growth; 13: Climate Action
1748,Southern Cardamom REDD+ Project,"Royal Government of Cambodia (RGC), Ministry of Environment",Agriculture Forestry and Other Land Use,,Verification public comment period requested,Cambodia,Asia,,"01: No Poverty; 02: Zero Hunger; 03: Good Health and Well-being; 04: Quality Education; 05: Gender Equality; 06: Clean Water and Sanitation; 08: Decent Work and Economic Growth; 09: Industry, Innovation and Infrastructure; 10: Reduced Inequalities; 11: Sustainable Cities and Communities; 12: Responsible Consumption and Production; 13: Climate Action; 15: Life on Land; 16: Peace, Justice, and Strong Institutions; 17: Partnerships for the Goals"
607,Darkwoods Forest Carbon Project,Nature Conservancy of Canada,Agriculture Forestry and Other Land Use,,Undergoing verification,Canada,North America,,06: Clean Water and Sanitation; 13: Climate Action; 15: Life on Land
562,The Kasigau Corridor REDD Project – Phase I Rukinga Sanctuary,Wildlife Works Carbon LLC,Agriculture Forestry and Other Land Use,,Undergoing validation and verification,Kenya,Africa,,"01: No Poverty; 02: Zero Hunger; 03: Good Health and Well-being; 04: Quality Education; 05: Gender Equality; 06: Clean Water and Sanitation; 08: Decent Work and Economic Growth; 10: Reduced Inequalities; 12: Responsible Consumption and Production; 13: Climate Action; 15: Life on Land; 16: Peace, Justice, and Strong Institutions; 17: Partnerships for the Goals"
1571,Manoa REDD+ Project,Multiple Proponents,Agriculture Forestry and Other Land Use,,Undergoing validation and verification,Brazil,Latin America,,04: Quality Education; 06: Clean Water and Sanitation; 08: Decent Work and Economic Growth; 12: Responsible Consumption and Production; 13: Climate Action; 15: Life on Land; 17: Partnerships for the Goals
1566,REDD+ Project Resguardo Indigena Unificado Selva de Mataven (RIU SM),Multiple Proponents,Agriculture Forestry and Other Land Use,,Undergoing validation and verification,Colombia,Latin America,,"01: No Poverty; 02: Zero Hunger; 03: Good Health and Well-being; 04: Quality Education; 05: Gender Equality; 06: Clean Water and Sanitation; 07: Affordable and Clean Energy; 08: Decent Work and Economic Growth; 09: Industry, Innovation and Infrastructure; 11: Sustainable Cities and Communities; 13: Climate Action; 15: Life on Land"
612,The Kasigau Corridor REDD Project - Phase II The Community Ranches,Wildlife Works Carbon LLC,Agriculture Forestry and Other Land Use,,Undergoing validation and verification,Kenya,Africa,,"01: No Poverty; 02: Zero Hunger; 03: Good Health and Well-being; 04: Quality Education; 05: Gender Equality; 06: Clean Water and Sanitation; 08: Decent Work and Economic Growth; 10: Reduced Inequalities; 12: Responsible Consumption and Production; 13: Climate Action; 15: Life on Land; 16: Peace, Justice, and Strong Institutions; 17: Partnerships for the Goals"
674,Rimba Raya Biodiversity Reserve Project,InfiniteEARTH,Agriculture Forestry and Other Land Use,,Verification public comment period requested,Indonesia,Oceania,,"01: No Poverty; 02: Zero Hunger; 03: Good Health and Well-being; 04: Quality Education; 05: Gender Equality; 06: Clean Water and Sanitation; 07: Affordable and Clean Energy; 08: Decent Work and Economic Growth; 09: Industry, Innovation and Infrastructure; 10: Reduced Inequalities; 11: Sustainable Cities and Communities; 12: Responsible Consumption and Production; 13: Climate Action; 14: Life Below Water; 15: Life on Land; 16: Peace, Justice, and Strong Institutions; 17: Partnerships for the Goals"
